Catalog#,Artist,Title,Label,Format,Rating,Released,release_id,CollectionFolder,Date Added,Collection Media Condition,Collection Sleeve Condition,Collection Notes
AD3,Bauhaus,Dark Entries,4AD,"7"", Single, Blu",,1980,401351,Goth-Rock,2015-10-21 23:59:00,Near Mint (NM or M-),Very Good Plus (VG+),
CAD 411,This Mortal Coil,It'll End In Tears,4AD,"LP, Album",,1984,194107,Ethereal,2015-10-06 01:53:11,Near Mint (NM or M-),Near Mint (NM or M-),
CAD 514,The Wolfgang Press,The Legendary Wolfgang Press And Other Tall Stories,4AD,"LP, Comp",,1985,463281,New Wave,2015-10-06 01:04:08,Near Mint (NM or M-),Near Mint (NM or M-),
CAD 705,Dead Can Dance,Within The Realm Of A Dying Sun,4AD,"LP, Album",,1987,138272,Ethereal,2015-09-22 08:01:31,Near Mint (NM or M-),Near Mint (NM or M-),
JAD 911,Lush,Scar,4AD,"LP, MiniAlbum",,1989,313920,Alternative Rock,2015-10-20 08:54:30,Near Mint (NM or M-),Near Mint (NM or M-),
"CAD 606, CAD606",The Wolfgang Press,Standing Up Straight,"4AD, 4AD","LP, Album",,1986,463285,New Wave,2015-09-20 08:47:14,Near Mint (NM or M-),Near Mint (NM or M-),"Issued with a printed inner sleeve and a 12"" square, 10 page, accordion folded lyric insert."
069 490 563-2,Peter Frampton,Frampton Comes Alive!  25th Anniversary Deluxe Edition,A&M Records,"2xCD, Album, Dlx, RE, RM",,2001,2599157,Rock,2015-03-03 04:37:16,Near Mint (NM or M-),Near Mint (NM or M-),
493 113-2,T. Rex,Electric Warrior,A&M Records,"CD, Album, RE, RM",,2001,1022044,Hard Rock,2015-03-04 02:22:08,Near Mint (NM or M-),Near Mint (NM or M-),
AMS 9259,Joan Armatrading,Drop The Pilot,A&M Records,"7""",,1983,3763009,Pop-Rock,2015-03-17 04:17:57,Mint (M),Mint (M),
SLAM 68078,Strawbs,Grave New World,A&M Records,"LP, Album, Tri",,1972,4820206,Indie Rock,2015-10-06 03:21:36,Near Mint (NM or M-),Near Mint (NM or M-),
SP-4595,Hummingbird,We Can't Go On Meeting Like This,A&M Records,"LP, Album",,1976,1839556,Jazz-Rock,2015-10-14 02:22:09,Near Mint (NM or M-),Near Mint (NM or M-),
SP4269,Fotheringay,Fotheringay,A&M Records,LP,,0,7495507,Folk-Rock,2015-09-21 09:08:56,Near Mint (NM or M-),Near Mint (NM or M-),
DSX 50110,Steppenwolf,For Ladies Only,ABC/Dunhill Records,"LP, Album, Gat",,1971,1643379,Hard Rock,2015-10-14 03:52:01,Very Good Plus (VG+),Very Good Plus (VG+),
AHS 10015,Lyres,Lyres Lyres,Ace Of Hearts Records,"LP, Album",,1986,1218198,Garage-Punk,2015-09-28 09:24:51,Near Mint (NM or M-),Near Mint (NM or M-),
VIRUS 14,Various,Not So Quiet On The Western Front,Alternative Tentacles,"2xLP, Comp",,1982,582320,"Hard Core, Punk",2015-10-07 07:11:41,Very Good Plus (VG+),Very Good Plus (VG+),
VIRUS 87,Tumor Circus,Tumor Circus,Alternative Tentacles,"LP, Album",,1991,2326410,Punk,2015-10-05 09:13:20,Near Mint (NM or M-),Near Mint (NM or M-),
AL 001,Poison Idea,Darby Crash Rides Again,American Leather Records,"7"", 3rd",,1989,461915,"Hard Core, Punk",2015-10-22 01:44:20,Near Mint (NM or M-),Near Mint (NM or M-),
8 55 873,Alexis Korner,Alexis Korner And Friends,AMIGA,"LP, Comp",,1982,605300,bLUES,2015-10-13 08:40:59,Near Mint (NM or M-),Very Good Plus (VG+),
EFA 08335-1,Cows,Orphan's Tragedy,Amphetamine Reptile Records,LP,,1994,1234608,Alternative Rock,2015-09-29 08:47:13,Near Mint (NM or M-),Near Mint (NM or M-),
"3 C 064-04002, 3C 064 - 04002",The Beatles,Yellow Submarine,"Apple Records, Apple Records","LP, Album, RE, RP",,1982,7187711,Rock,2015-10-14 04:52:50,Very Good Plus (VG+),Very Good Plus (VG+),
"0777 7 97039 2 0, CDPCSP 718, CDS 7 97039 2",The Beatles,1967-1970,"Apple Records, Apple Records, Apple Records","2xCD, Comp, RM",,1993,418061,Rock,2015-03-04 00:49:46,Near Mint (NM or M-),Near Mint (NM or M-),
AP021,The Last Killers,3 Bombs Over Berlin,Area Pirata,"CD, Album, Dig",,2008,4379956,Funk-Soul,2015-03-06 00:13:14,Near Mint (NM or M-),Near Mint (NM or M-),
74321 30526 2,Eric Burdon & War,Eric Burdon Declares “War”,"ARG Records, BMG","CD, Album, RE, RM",,0,1051372,Rock,2015-03-04 00:59:57,Near Mint (NM or M-),Near Mint (NM or M-),
ARLP 2001,Riz Ortolani,Africa Addio,Ariete,LP,,1966,1657470,soundtrack,2015-04-16 02:07:19,Very Good Plus (VG+),Very Good (VG),
ARL 37109,Amanda Lear,No Regrets,Ariola,"7""",,1983,1633232,Pop,2015-04-17 04:07:35,Near Mint (NM or M-),Near Mint (NM or M-),
FARN 91043,Coaty De Oliveira,The Brazilian Forro,Arion,"LP, Album",,1976,5906162,World music,2015-09-16 05:50:34,Mint (M),Mint (M),SEALED
LA 1001,Daniela Davoli,Mia,Aris (2),LP,,1978,5433157,Pop,2015-04-15 06:13:01,Very Good Plus (VG+),Very Good Plus (VG+),
AR/00941,"Orchestra Spettacolo Raoul Casadei, Hans Müller (3)",Calcio Di Rigore,Ariston,"7""",,1982,3667216,Pop,2015-04-17 04:35:45,Near Mint (NM or M-),Near Mint (NM or M-),
ARM/42012,Black Sabbath,Paranoid,Ariston Music,"LP, Album, RE, Gat",,1981,1210517,Hard Rock,2015-09-29 09:57:01,Near Mint (NM or M-),Near Mint (NM or M-),
HP-02,Milva,Milva,Armando Curcio Editore,"LP, Comp, Gat",,1982,3158492,Pop,2015-04-14 04:43:27,Near Mint (NM or M-),Near Mint (NM or M-),
HP-03,Peppino Di Capri,Peppino Di Capri,Armando Curcio Editore,"LP, Comp, G/F",,1982,6700177,Pop,2015-04-14 04:38:04,Near Mint (NM or M-),Near Mint (NM or M-),
SU-1013,Luigi Tenco,Le Canzoni Di Luigi Tenco,Armando Curcio Editore,"LP, Comp",,1982,6129636,Pop,2015-04-14 06:55:32,Near Mint (NM or M-),Near Mint (NM or M-),
W 53014,Eagles,One Of These Nights,Asylum Records,"LP, Album",,1975,2482688,Rock,2015-09-08 07:18:30,Near Mint (NM or M-),Near Mint (NM or M-),
79-0063-1,Pete Townshend,Scoop,ATCO Records,"2xLP, Album",,1983,2371920,Rock,2015-10-06 07:48:05,Near Mint (NM or M-),Near Mint (NM or M-),
A1 90539,Pete Townshend,Another Scoop,ATCO Records,"2xLP, Album, Comp",,1987,2629071,Rock,2015-10-07 02:55:46,Near Mint (NM or M-),Near Mint (NM or M-),
SD 33-248,Otis Redding,The Great Otis Redding Sings Soul Ballads,Atco Records,"LP, Album",,0,1796301,Funk-Soul,2015-09-09 06:01:27,Near Mint (NM or M-),Near Mint (NM or M-),
7567-89999-1,Foreigner,The Very Best And Beyond,Atlantic,"LP, Comp",,1992,3603168,Rock,2015-09-07 09:44:21,Near Mint (NM or M-),Near Mint (NM or M-),
786 913-0,Foreigner,I Want To Know What Love Is (Extended Version),Atlantic,"12"", Maxi",,1984,3756392,Rock,2015-04-17 04:21:37,Near Mint (NM or M-),Near Mint (NM or M-),
ATS-ST 06010,Percy Sledge,Take Time To Know Her,Atlantic,"LP, Album",,1968,3781673,Funk-Soul,2015-10-14 00:57:34,Near Mint (NM or M-),Near Mint (NM or M-),
SD 19113,Small Faces,Playmates,Atlantic,"LP, Album",,1977,1845449,Rock,2015-10-13 23:06:17,Near Mint (NM or M-),Near Mint (NM or M-),
SD 8125,Percy Sledge,When A Man Loves A Woman,Atlantic,"LP, Album",,1966,1874508,Funk-Soul,2015-10-12 09:17:44,Very Good Plus (VG+),Very Good Plus (VG+),
SD-3270,Wilson Pickett,In Philadelphia,Atlantic,"LP, Album",,0,6406662,Funk-Soul,2015-10-12 07:37:59,Very Good Plus (VG+),Very Good Plus (VG+),
W 40033,"Crosby, Stills & Nash","Crosby, Stills & Nash",Atlantic,"LP, Album, Gat",,1976,2736238,Rock,2015-09-07 01:32:20,Near Mint (NM or M-),Near Mint (NM or M-),GREAT COPY
R2 71043,War,The World Is A Ghetto,Avenue Records,"CD, Album, RM",,1992,2634795,Funk-Soul,2015-03-04 00:46:40,Near Mint (NM or M-),Near Mint (NM or M-),
KIRI 048,United States Of Existence,Introducing,Bam-Caruso Records,"LP, Album",,1986,3589819,Garage-Punk,2015-10-06 09:41:31,Near Mint (NM or M-),Near Mint (NM or M-),
CLN110,Electric Peace,Medieval Mosquito,Barred Records,"LP, Album",,1987,2811580,Rock,2015-09-22 08:27:40,Near Mint (NM or M-),Near Mint (NM or M-),
CLN111,Electric Peace,Insecticide,Barred Records,"LP, Album",,1988,2811632,Rock,2015-09-22 08:31:41,Near Mint (NM or M-),Near Mint (NM or M-),
FACT. 50,New Order,Movement,"Base Record, Factory","LP, Album, RE, Blu",,0,4987194,New Wave,2015-09-21 05:33:42,Near Mint (NM or M-),Near Mint (NM or M-),
BEG 37,Bauhaus,Dark Entries,Beggars Banquet,"7"", Single, RE, Red",,1980,1654329,New Wave,2015-10-21 10:12:51,Near Mint (NM or M-),Very Good Plus (VG+),
BEGA112,David J,Songs From Another Season,Beggars Banquet,"LP, Album",,1990,1137794,Alternative Rock,2015-10-20 02:42:57,Near Mint (NM or M-),Near Mint (NM or M-),
BH 1,Bauhaus,Satori In Paris,Beggars Banquet,"7"", Single",,1982,557935,New Wave,2015-10-22 08:43:32,Near Mint (NM or M-),Near Mint (NM or M-),
CDBBR 0015,Evelyn King,Smooth Talk,Big Break Records,"CD, Album, RE, RM",,2010,2467866,Funk-Soul,2015-03-03 04:57:37,Near Mint (NM or M-),Near Mint (NM or M-),
CDBBR 0016,A Taste Of Honey,A Taste Of Honey,Big Break Records,"CD, Album, RE, RM",,2010,2524607,Funk-Soul,2015-03-04 00:37:15,Near Mint (NM or M-),Near Mint (NM or M-),
CDBBR 0184,Billy Paul,War Of The Gods,Big Break Records,"CD, Album, RE",,2012,5214569,Funk-Soul,2015-03-04 00:41:28,Near Mint (NM or M-),Near Mint (NM or M-),
ABB65,Shudder To Think,Pony Express Record,Big Cat,"LP, Album",,1994,2653344,Indie Rock,2015-10-16 01:14:16,Near Mint (NM or M-),Near Mint (NM or M-),
BTA 010 UK,Exploding White Mice,In A Nest Of Vipers,Big Time,LP,,1985,1666878,Punk,2015-09-28 08:22:43,Near Mint (NM or M-),Near Mint (NM or M-),
BFFP14,Big Black,Heartbeat,Blast First,"7"", Single",,1987,741910,Alternative Rock,2015-10-22 08:17:51,Near Mint (NM or M-),Very Good Plus (VG+),
BU 0054,Loui$,Computer Soul,Blow Up Disco,"12""",,1986,404789,Italodisco,2015-09-08 08:29:52,Near Mint (NM or M-),Near Mint (NM or M-),
BLU BUS 01,Kina (4),Irreale Realtà,Blu Bus,"LP, Album, RP",,0,2005112,Punk,2015-10-16 07:17:16,Near Mint (NM or M-),Near Mint (NM or M-),
7243 5 25114 2 6,St Germain,Tourist,Blue Note,"CD, Album, Dig",,2000,1226,Acid Jazz,2015-03-04 04:24:25,Near Mint (NM or M-),Near Mint (NM or M-),
CDSKY 32357,Muddy Waters,Hard Again,Blue Sky,"CD, Album, RE",,1990,2687429,Rock,2015-03-04 00:20:11,Near Mint (NM or M-),Near Mint (NM or M-),
BTS 32,Mark-Almond,Mark-Almond II,Blue Thumb Records,"LP, Album",,1971,1670557,Jazz-Rock,2015-10-12 09:27:24,Near Mint (NM or M-),Near Mint (NM or M-),
"BTS-27, BTS 27",Mark-Almond,Mark-Almond,"Blue Thumb Records, Blue Thumb Records","LP, Album",,1971,7403572,Jazz-Rock,2015-10-12 10:29:37,Near Mint (NM or M-),Near Mint (NM or M-),
74321 86227 2,Almamegretta,Imaginaria,BMG Ricordi S.p.A.,"CD, Album",,2001,526060,World music,2015-03-04 04:38:44,Near Mint (NM or M-),Near Mint (NM or M-),
BOMB 104.5,The Yardbirds,Shapes Of Things,Bomb Records (2),"2xLP, Comp, Gat",,1978,733540,bLUES,2015-10-13 13:10:07,Near Mint (NM or M-),Very Good (VG),
0080.048,Klaus Schulze,...Live...,Brain,"2xLP, Album",,1980,61123,Ambient,2015-10-16 02:15:31,Near Mint (NM or M-),Near Mint (NM or M-),
Envy 1,New Math,Gardens,Brain Eater,"LP, Album",,1984,1607363,New Wave,2015-10-16 03:18:44,Near Mint (NM or M-),Near Mint (NM or M-),
BROL 34531,Motörhead,Ace Of Spades,Bronze,"LP, Album",,1980,488472,Heavy Metal,2015-10-06 01:43:28,Near Mint (NM or M-),Near Mint (NM or M-),
BROL 34532,Angel Witch,Angel Witch,Bronze,"LP, Album",,1980,4621237,Heavy Metal,2015-09-28 10:37:01,Near Mint (NM or M-),Near Mint (NM or M-),
CM 7452,Alain Delon / Shirley Bassey,Thought I'd Ring You,CAM,"7""",,1983,4207617,Pop,2015-04-17 04:11:54,Near Mint (NM or M-),Near Mint (NM or M-),
7243 5 26266 2 5,The Beach Boys,Pet Sounds,Capitol Records,"HDCD, Album, Mono, RM",,2001,619423,Rock,2015-03-04 04:05:43,Near Mint (NM or M-),Near Mint (NM or M-),
"2S 068-85.444, 2S 068-85444",Kraftwerk,The Man•Machine,"Capitol Records, Capitol Records","LP, Album",,1978,337966,Electronic,2015-09-09 14:09:23,Very Good Plus (VG+),Very Good Plus (VG+),
CA. LP 5064,"Lipps, Inc.",Pucker Up,Casablanca,"LP, Album",,1980,1252719,Funk-Soul,2015-09-08 08:11:36,Near Mint (NM or M-),Very Good Plus (VG+),
CLALP 122,Colosseum,Colosseum Live,Castle Classics,"2xLP, Album, RE, Gat",,1987,2495721,Prog-Rock,2015-10-14 01:23:03,Near Mint (NM or M-),Near Mint (NM or M-),
31811,Chicken Shack,In The Can,CBS,"LP, Comp",,1980,2981697,bLUES,2015-10-14 02:36:24,Near Mint (NM or M-),Very Good (VG),
460156 1,Sarah Vaughan & Milton Nascimento,Brazilian Romance,CBS,"LP, Album",,1987,3137105,Funk-Soul,2015-06-21 03:16:44,Near Mint (NM or M-),Near Mint (NM or M-),
52037,Lionel Hampton,All'Olympia,CBS,LP,,1967,5005658,Jazz,2015-09-08 12:26:32,Near Mint (NM or M-),Near Mint (NM or M-),
CBS 25100,Bruce Springsteen,Nebraska,CBS,"LP, Album",,1982,3004630,Rock,2015-09-20 05:38:27,Near Mint (NM or M-),Near Mint (NM or M-),
CBS 32526,Herbie Hancock,The Best Of Herbie Hancock,CBS,"LP, Comp, RE",,0,635655,Funk-Soul,2015-09-07 23:50:17,Near Mint (NM or M-),Near Mint (NM or M-),
CBS 85909,The Psychedelic Furs,Forever Now,CBS,"LP, Album",,1982,1179458,New Wave,2015-09-21 04:23:03,Near Mint (NM or M-),Near Mint (NM or M-),came with a coloured fold-out poster
CBS A 6438,Eleonora Brigliadori,Balla Il Tip Tap,CBS,"7""",,1985,3700121,Pop,2015-04-17 04:53:14,Near Mint (NM or M-),Near Mint (NM or M-),
EPC A 6035,José Luis Rodríguez,C'Est Venise / Ero Te,CBS,"7""",,1985,3130727,Pop,2015-04-17 05:09:20,Near Mint (NM or M-),Near Mint (NM or M-),
mono 62022,Bob Dylan,Bob Dylan,CBS,"LP, Album, Mono, RP",,1966,4101772,Folk-Rock,2015-09-07 06:22:08,Near Mint (NM or M-),Very Good Plus (VG+),
" 65659, S 65659","Mike Bloomfield, John Paul Hammond, Dr. John",Triumvirate,"CBS, CBS","LP, Album",,1973,4099891,bLUES,2015-10-14 01:19:49,Very Good Plus (VG+),Very Good Plus (VG+),
"CBS 32681, 32681",Santana,Zebop!,"CBS, CBS","LP, Album, RE",,1986,2458379,Rock,2015-09-08 02:47:42,Mint (M),Mint (M),UNPLAYED COPY
"S 65532, 65532",Weather Report,Sweetnighter,"CBS, CBS","LP, Album",,1973,2189861,Jazz,2015-10-14 04:16:14,Very Good Plus (VG+),Very Good Plus (VG+),
CEL 2-6566,Rosa Yemen,Rosa Yemen,Celluloid,"12"", EP",,1979,400069,Industrial,2015-10-06 00:26:18,Near Mint (NM or M-),Near Mint (NM or M-),
DPU 55,Jimi Hendrix,Experience / More Experience,Cetra,"2xLP, Comp",,1976,2450458,Rock,2015-10-16 08:02:28,Near Mint (NM or M-),Near Mint (NM or M-),
LPB 35007,Fred Buscaglione,16 Successi Di Fred Buscaglione,Cetra,"LP, Comp, Mono",,1960,2255130,POP ITALIANO,2015-09-09 02:26:04,Very Good Plus (VG+),Very Good (VG),
CGD 10551,Fabio Testi,Palma De Majorca,CGD,"7""",,1984,929829,Pop,2015-04-17 05:30:02,Near Mint (NM or M-),Near Mint (NM or M-),
CGD 10622,On Air (2),Movies,CGD,"7""",,1985,2483884,Pop,2015-04-17 03:42:22,Near Mint (NM or M-),Near Mint (NM or M-),
CGD 20467,Rettore,Danceteria,CGD,"LP, Album",,1985,1145097,Pop,2015-04-14 04:23:16,Near Mint (NM or M-),Near Mint (NM or M-),
CGD 20750,Matia Bazar,Matia Bazar,CGD,"LP, Comp",,1988,984300,POP ITALIANO,2015-09-09 13:50:40,Near Mint (NM or M-),Near Mint (NM or M-),
TAORL 38527,Mina (3),Meravigliosamente... Vol.1,CGO Record,"LP, Comp",,0,6050565,POP ITALIANO,2015-09-08 10:44:20,,,
CHAP 3,Balaam And The Angel,Day And Night,Chapter 22,"12""",,1985,725860,Goth-Rock,2015-09-28 07:06:28,Near Mint (NM or M-),Near Mint (NM or M-),
6369 901,Van Der Graaf Generator,The Least We Can Do Is Wave To Each Other,Charisma,"LP, Album, RP",,1972,1999369,Prog-Rock,2015-10-06 10:31:31,Near Mint (NM or M-),Near Mint (NM or M-),
6369 974 A,Genesis,A Trick Of The Tail,Charisma,"LP, Album, Tex",,1976,5826503,Uncategorized,2015-09-13 03:43:16,Near Mint (NM or M-),Near Mint (NM or M-),
6393 901 L,Van Der Graaf Generator,'68 - '71,Charisma,"LP, Comp",,1972,2308787,Prog-Rock,2015-10-06 09:58:16,Near Mint (NM or M-),Near Mint (NM or M-),
CAS 1083,Peter Hammill,The Silent Corner And The Empty Stage,Charisma,"LP, Album, RE",,1977,5249111,Prog-Rock,2015-10-14 05:35:33,Very Good Plus (VG+),Very Good Plus (VG+),
CFM/40015,The Yardbirds,The Single Hits,Charly Records,"10"", Album, Comp",,1982,4317554,Rock,2015-09-07 07:29:12,Near Mint (NM or M-),Very Good Plus (VG+),
SNAP 254 CD,Curtis Mayfield,Back To The World,Charly Records,"CD, Album, RE",,2006,4210429,Funk-Soul,2015-03-03 04:56:36,Near Mint (NM or M-),Near Mint (NM or M-),
B red 14,Second Layer,World Of Rubber,Cherry Red,"LP, Album",,1981,100166,Industrial,2015-10-05 08:02:27,Near Mint (NM or M-),Near Mint (NM or M-),
M RED 25,Felt,Crumbling The Antiseptic Beauty,Cherry Red,"LP, Album, Fir",,1982,5300245,Alternative Rock,2015-09-23 01:13:05,Near Mint (NM or M-),Near Mint (NM or M-),
7243 8 34806 2 3,Guru,Jazzmatazz Volume II: The New Reality,Chrysalis,"CD, Album",,1995,68100,Funk-Soul,2015-03-05 23:58:11,Near Mint (NM or M-),Near Mint (NM or M-),
CHR 1048 L,Bedlam (9),Bedlam,Chrysalis,"LP, Album",,1973,5398351,Hard Rock,2015-09-09 02:21:04,Very Good Plus (VG+),Very Good Plus (VG+),
"040 1060 L, CHR 1060",Ten Years After,Positive Vibrations,"Chrysalis, Chrysalis","LP, Album",,1974,6096296,bLUES,2015-10-13 13:21:18,Very Good Plus (VG+),Very Good Plus (VG+),
"0946 3 21998 2 9, CTCD 34",Guru,Jazzmatazz Volume: 1,"Chrysalis, Chrysalis","CD, Album",,1993,1048628,Funk-Soul,2015-03-06 00:02:19,Near Mint (NM or M-),Near Mint (NM or M-),
"CTY 21001, CTY 21002",Jethro Tull,Living In The Past,"Chrysalis, Chrysalis","2xLP, Comp",,1972,2973397,Rock,2015-09-29 00:03:27,Near Mint (NM or M-),Very Good Plus (VG+),
CHLP 1003,Nora Orlandi,Lo Strano Vizio Della Signora Wardh,"Cinedelic Records, Hexacord","LP, Album, Ltd",,2001,1707231,soundtrack,2015-10-15 03:08:11,Near Mint (NM or M-),Near Mint (NM or M-),
CIT 026,The Moffs,Flowers,Citadel (7),"7"", Single",,1986,1316942,Alternative Rock,2015-10-22 00:08:37,Near Mint (NM or M-),Near Mint (NM or M-),
"CIT031, Cit 031",The New Christs,The Black Hole,"Citadel (7), Citadel (7)","7"", Single",,1987,1867459,Garage-Punk,2015-10-22 08:26:58,Mint (M),Near Mint (NM or M-),
CLAY LP 12,Discharge,Never Again,Clay Records,"LP, Comp",,1984,437920,"Hard Core, Punk",2015-09-22 07:49:43,Near Mint (NM or M-),Near Mint (NM or M-),
CLAY LP 3,Discharge,Hear Nothing See Nothing Say Nothing,Clay Records,"LP, Album, Gat",,1982,381756,"Hard Core, Punk",2015-09-22 07:42:30,Near Mint (NM or M-),Near Mint (NM or M-),TOP CONDITIONS
CL 0017,The Pandoras,It's About Time,Closer Records,"LP, Album",,1984,2606059,Garage-Punk,2015-09-29 03:36:16,Near Mint (NM or M-),Near Mint (NM or M-),
csr193lp,Coil / Nine Inch Nails,Recoiled,Cold Spring,"LP, Comp, RM",,2014,5349443,Industrial,2015-09-20 07:12:09,Mint (M),Mint (M),SEALED
468946 1,The Clash,The Singles,Columbia,"LP, Comp",,1991,1364132,Punk,2015-10-14 04:46:40,Very Good Plus (VG+),Very Good Plus (VG+),
COL 471423 1,Bruce Springsteen,Human Touch,Columbia,"LP, Album",,1992,2434423,Rock,2015-09-08 13:34:33,Near Mint (NM or M-),Near Mint (NM or M-),
CS 9579,Taj Mahal,Taj Mahal,Columbia,"LP, Album, RE",,0,2968785,bLUES,2015-10-13 23:17:43,Near Mint (NM or M-),Near Mint (NM or M-),
"COL 463369 2, 463369 2",Bob Dylan,Blonde On Blonde,"Columbia, Columbia","CD, Album, RE",,0,392512,Rock,2015-03-04 04:07:41,Near Mint (NM or M-),Near Mint (NM or M-),
88697680571,Miles Davis,Kind Of Blue,"Columbia, Legacy","LP, Album, RE, 180",,2010,2825456,Jazz,2015-09-12 00:53:05,Mint (M),Mint (M),SEALED 180 gr.
TTC 8670,Kilkenny Cats,Hands Down,Coyote Records,"LP, Album",,1986,2360330,Alternative Rock,2015-10-20 10:33:30,Near Mint (NM or M-),Near Mint (NM or M-),
CRAM 058,Colin Newman,It Seems,Crammed Discs,"LP, Album",,1988,369843,New Wave,2015-10-16 03:26:44,Near Mint (NM or M-),Very Good Plus (VG+),
CRSLP 5302,Alberto Camerini,Gelato Metropolitano,Cramps Records,"LP, Album",,1977,1201253,Pop-Rock,2015-09-07 01:49:24,Near Mint (NM or M-),Very Good Plus (VG+),VINILE PERFETTO COVER OTTIMA PRESENTA SUL FRONTE UNA DEDICA SCRITTA CON PENNA ROSSA
CSH 701,Sons Of Guns,Wild Wild Girl,Crash Records (4),"7"", Single",,1985,1508290,Alternative Rock,2015-10-22 02:53:59,Mint (M),Near Mint (NM or M-),
CRE LP 011,Felt,Forever Breathes The Lonely Word,Creation Records,"LP, Album",,1986,1014185,Indie Rock,2015-09-23 01:04:34,Near Mint (NM or M-),Very Good Plus (VG+),
CRE LP 030,Felt,The Pictorial Jackson Review,Creation Records,"LP, Album, Whi",,1988,753150,Uncategorized,2015-09-23 01:16:05,Near Mint (NM or M-),Near Mint (NM or M-),
"CRE LP 017, CRE LP017",Felt,Poem Of The River,"Creation Records, Creation Records","LP, Album",,1987,1018769,Indie Rock,2015-09-23 01:20:21,Near Mint (NM or M-),Near Mint (NM or M-),
CR-45-3,The Wylde Mammoths,Help That Girl,Crypt Records,"7"", EP",,1988,1998788,Garage-Punk,2015-03-17 04:08:56,Near Mint (NM or M-),Near Mint (NM or M-),
"CTI 6057, 0006.057",Bob James,Two,"CTI Records, CTI Records","LP, Album",,1975,3096798,Jazz,2015-09-09 14:27:11,Near Mint (NM or M-),Near Mint (NM or M-),
6835 114,The Rolling Stones,"Through The Past, Darkly (Big Hits Vol. 2)",Decca,"LP, Comp",,0,1112305,Rock,2015-09-20 06:05:50,Near Mint (NM or M-),Near Mint (NM or M-),
820 322-1,Genesis,From Genesis To Revelation,Decca,"LP, Album, RE",,0,5276980,Prog-Rock,2015-09-07 03:33:02,Near Mint (NM or M-),Very Good Plus (VG+),
LPD 256-Y 345,The Moody Blues,On Boulevard De La Madeleine,Decca,"LP, Comp",,1968,5303190,Rock,2015-10-13 07:33:33,Near Mint (NM or M-),Near Mint (NM or M-),
STONE 003T,Chapterhouse,Pearl,Dedicated,"12"", Single",,1991,151825,Rock,2015-09-19 07:31:04,Near Mint (NM or M-),Near Mint (NM or M-),
SML 1107,Camel,Mirage,"Deram, Gama (3)","LP, Album",,1974,619057,Uncategorized,2015-10-14 00:43:53,Very Good Plus (VG+),Very Good (VG),
DBR 20124,Martin Circus,"Martin ""Disco"" Circus",Derby,"LP, Album",,1979,693479,Funk-Soul,2015-09-07 23:23:40,Mint (M),Mint (M),
DVN 2,Pigface,Gub,Devotion (2),"LP, Album",,1991,226134,Industrial,2015-10-15 07:35:02,Near Mint (NM or M-),Near Mint (NM or M-),
DCD 11040,Bob Marley,Soul Almighty - The Formative Years Vol. 1,"Dig It International, JAD Records","CD, Comp",,1996,2226657,Reggae,2015-03-06 00:09:50,Near Mint (NM or M-),Near Mint (NM or M-),
CDDM018,Walter Rizzati,Io Sto Con Gli Ippopotami,Digitmovies,"CD, Album, Ltd, RE",,2004,867477,soundtrack,2015-03-03 04:13:07,Mint (M),Mint (M),SEALED
CDDM026,Franco Micalizzi,Lo Chiamavano Trinita',Digitmovies,"CD, Album, RE, Ltd",,2004,867559,soundtrack,2015-03-03 04:18:30,Mint (M),Mint (M),SEALED
CDDM027,Gianni Ferrio,"Amico, Stammi Lontano Almeno Un Palmo",Digitmovies,"CD, Album, Ltd",,2005,631347,soundtrack,2015-03-03 04:19:53,Mint (M),Mint (M),SEALED
CDDM029,Guido And Maurizio De Angelis,Piedone L'Africano (Original Motion Picture Soundtrack),Digitmovies,"CD, Album, Ltd",,2005,632015,soundtrack,2015-03-03 04:16:32,Mint (M),Mint (M),SEALED
Dischord 43,Fugazi,3 Songs,Dischord Records,"7"", RE",,1990,408667,"Hard Core, Punk",2015-10-22 02:25:59,Mint (M),Near Mint (NM or M-),
"Dischord 19, Dischord No 19",Dag Nasty,Can I Say,"Dischord Records, Dischord Records","LP, Album",,1986,2758511,"Hard Core, Punk",2015-09-19 08:34:36,Near Mint (NM or M-),Near Mint (NM or M-),Came with one sided black+white lyric/photo inser
CLUB 3131,A. Keane,Racing The Sun,Discoclub Records,"12"", Maxi",,1986,2017680,Italodisco,2015-09-11 07:17:03,Near Mint (NM or M-),Near Mint (NM or M-),
NP 123,Dan Eller,Carillon,Discomagic Records,"7""",,1983,1340789,Pop,2015-04-17 03:45:15,Near Mint (NM or M-),Near Mint (NM or M-),
OUT 3430,김완선,Day By Day,"Discomagic Records, Out","12""",,1990,3459923,Electronic,2015-09-11 04:11:32,Mint (M),Very Good Plus (VG+),
ZBDC 7392,Andy Luotto,Everybody's Breakin',Discomposer Records,"7""",,1984,3207402,Pop,2015-04-17 04:49:23,Near Mint (NM or M-),Near Mint (NM or M-),
ms AI 77331,Nanni Svampa,Milanese - Antologia Della Canzone Lombarda - Seconda Parte - Antiche Ballate Del Contado - Quinto Volume,Durium,"LP, Album, Gat",,1973,3122768,POP ITALIANO,2015-09-12 02:21:57,Very Good Plus (VG+),Very Good Plus (VG+),
ms AI 77384/85,Gino Paoli,Il Mio Mestiere,Durium,LP,,1977,6247198,Pop,2015-04-14 04:28:20,Near Mint (NM or M-),Near Mint (NM or M-),
3984 22095-2,Francesco Baccini,Le Donne Di Modena,EastWest,"CD, Comp",,1998,4758153,Pop,2015-03-04 00:58:46,Near Mint (NM or M-),Near Mint (NM or M-),
"Ebullition #30.5, 004, #4",Julia (17),Julia,"Ebullition Records (2), Rivers End, Rivers End","LP, Album",,1994,1154630,"Hard Core, Punk",2015-10-20 03:07:34,Near Mint (NM or M-),Near Mint (NM or M-),
BB.LP. 87114,Orchestra Mario Robbiani,Vol.9 - Più Innamorato Di Così...,Edizioni Bang Bang,"LP, Promo",,0,2838942,Pop,2015-03-18 01:28:21,Near Mint (NM or M-),Near Mint (NM or M-),
ED 137,Moby Grape,Moby Grape,Edsel Records,"LP, Mono, RE",,1984,1645927,Rock,2015-10-21 06:46:58,Near Mint (NM or M-),Near Mint (NM or M-),
ED 289,The Pretty Things,Parachute,Edsel Records,"LP, Album, RE",,1988,3584353,Rock,2015-10-14 03:23:48,Near Mint (NM or M-),Near Mint (NM or M-),
EELP 013,Steeplejack (2),Pow Wow,Electric Eye Records,"LP, Album",,1988,2971966,Garage-Punk,2015-10-06 03:34:07,Near Mint (NM or M-),Near Mint (NM or M-),
K 42002,The Incredible String Band,The Hangman's Beautiful Daughter,Elektra,"LP, Album",,1976,1388259,Folk-Rock,2015-09-29 02:01:17,Near Mint (NM or M-),Near Mint (NM or M-),
K 42011,Love,Da Capo,Elektra,"LP, Album, RE",,1981,6456366,Rock,2015-10-21 07:51:45,Near Mint (NM or M-),Near Mint (NM or M-),
W 42016,The Doors,Strange Days,Elektra,"LP, Album, RP",,1977,2777523,Rock,2015-10-13 08:57:30,Near Mint (NM or M-),Near Mint (NM or M-),
WPCR-12716,The Doors,The Doors,Elektra,"CD, Album, Ltd, RE, Pap",,2007,1833692,Rock,2015-03-04 01:53:23,Near Mint (NM or M-),Near Mint (NM or M-),
WPCR-12721,The Doors,L.A. Woman,Elektra,"CD, Album, Ltd, RE, Pap",,2007,2210920,Rock,2015-03-04 01:56:50,Near Mint (NM or M-),Near Mint (NM or M-),
"42 055, EKS-74071",The Stooges,Fun House,"Elektra, Elektra","LP, Album, RP, Gat",,1977,4169968,Uncategorized,2015-09-20 09:15:37,Near Mint (NM or M-),Near Mint (NM or M-),
"7559-61082-1, EKT 88",The Doors,In Concert,"Elektra, Elektra","3xLP, Comp, RM",,1991,869261,Rock,2015-09-07 03:08:13,Near Mint (NM or M-),Very Good Plus (VG+),
"96 0345-1, 960 345-1",The Doors,The Best Of The Doors,"Elektra, Elektra","2xLP, Comp, RM, Gat",,1985,2279451,Rock,2015-09-07 03:05:27,Near Mint (NM or M-),Very Good Plus (VG+),
"242 182-1, ELV2",Primal Scream,Sonic Flower Groove,"Elevation (2), Elevation (2)","LP, Album",,1987,908231,Rock,2015-09-29 03:40:26,Near Mint (NM or M-),Near Mint (NM or M-),
"31851, EMB 31851",The Byrds,The Original Singles 1965-1967 Volume 1,"Embassy, Embassy","LP, Mono, Comp",,1980,1936173,Folk-Rock,2015-10-06 02:48:48,Near Mint (NM or M-),Near Mint (NM or M-),
06 1187067,Franco Battiato,No Time No Space,EMI,"7""",,1985,3890110,Pop,2015-04-17 03:51:54,Near Mint (NM or M-),Near Mint (NM or M-),
0946 3 55695 2 0,David Gilmour,On An Island,EMI,"CD, Album, Dig",,2006,773724,Rock,2015-03-05 23:47:42,Mint (M),Mint (M),
3C 064-18312,Alan Sorrenti,Figli Delle Stelle,EMI,"LP, Album",,1977,1728992,POP ITALIANO,2015-09-08 13:55:10,Near Mint (NM or M-),Near Mint (NM or M-),
3C006-18335,Gil Ventura,Topolino / Dick Duck,EMI,"7""",,1978,6400448,Pop,2015-04-17 05:15:46,Near Mint (NM or M-),Near Mint (NM or M-),
"7243 5 23772 2 0, 5 23772 2, 523 7722",Various,Too Much Two Tone,"EMI Gold, EMI Gold, EMI Gold","CD, Comp",,2000,1659845,Reggae,2015-03-04 04:32:56,Near Mint (NM or M-),Near Mint (NM or M-),
1A 062-06297,The Shadows,20 Golden Greats,EMI-Bovema Holland,"LP, Comp",,1977,6415957,Rock,2015-10-16 00:27:22,Near Mint (NM or M-),Very Good Plus (VG+),
"5099930869721, 308 6972",Talking Heads,Naked,"EMI, EMI","CD, Album, RE",,2009,2942139,Rock,2015-03-04 01:47:21,Near Mint (NM or M-),Near Mint (NM or M-),
"7243 8 59506 2 9, CDDEEPP 3",Deep Purple,Machine Head (25th Anniversary Edition),"EMI, EMI","CD, Album + CD, Album, RM",,1997,586589,Hard Rock,2015-03-03 04:45:26,Near Mint (NM or M-),Near Mint (NM or M-),
07243-582780-2-6,Kevin Ayers,Bananamour,"EMI, Harvest","CD, Album, RM",,2003,2158863,Funk-Soul,2015-03-03 04:53:33,Near Mint (NM or M-),Near Mint (NM or M-),
00946 3810202 1,Subsonica,Microchip Emozionale,"EMI, Virgin","CD, Album",,2000,3848435,Electronic,2015-03-04 03:58:19,Near Mint (NM or M-),Near Mint (NM or M-),
"3C 048 - 50611, C 048-50611",The Golden Gate Quartet,Portrait,"Emidisc (2), Emidisc (2)","LP, Comp",,1970,6961515,bLUES,2015-09-08 00:03:42,Near Mint (NM or M-),Near Mint (NM or M-),1970 Italian issue
25·3P-145~6,Judas Priest,Priest In The East (Live In Japan),Epic,"LP, Album + 7"", EP",,1979,2284630,Heavy Metal,2015-09-29 03:23:51,Near Mint (NM or M-),Near Mint (NM or M-),
BXN 26413,Jeff Beck,Truth,Epic,"LP, Album, RP",,1973,2304296,Hard Rock,2015-09-29 09:52:00,Near Mint (NM or M-),Near Mint (NM or M-),
EPC 25237,The Stranglers,Feline,Epic,"LP, Album",,1982,369068,New Wave,2015-10-05 08:24:38,Near Mint (NM or M-),Near Mint (NM or M-),
"BG 33779, E 33780, E 33781",Jeff Beck,Truth/Beck-ola,"Epic, Epic, Epic","2xLP, Comp",,1975,1738323,Rock,2015-10-13 08:47:08,Near Mint (NM or M-),Near Mint (NM or M-),
82796902752,Sly & The Family Stone,Fresh,"Epic, Legacy","CD, Album, Dlx, Ltd, RE, RM, Dig",,2007,1098076,Funk-Soul,2015-03-04 02:04:09,Near Mint (NM or M-),Near Mint (NM or M-),
86435-1,NOFX,Punk In Drublic,Epitaph,"LP, Album",,1994,419987,Punk,2015-10-06 01:38:42,Near Mint (NM or M-),Near Mint (NM or M-),
12041,The T-Bones (2) With Gary Farr (2),Dem Bones Dem Bones Dem T-Bones,Eva Records (2),"LP, Comp",,1984,3800831,bLUES,2015-10-13 13:24:29,Near Mint (NM or M-),Near Mint (NM or M-),
EX 25,The Flesh Eaters,Forever Came Today,"Expanded Music, Slash","LP, Album",,1982,2250097,Punk,2015-09-22 10:24:52,Near Mint (NM or M-),Near Mint (NM or M-),
EXCDM 37,The Emotions,Flowers,Expansion,CD,,2012,3575177,Funk-Soul,2015-03-04 00:36:10,Near Mint (NM or M-),Near Mint (NM or M-),
P 7355,Jo Chiarello,Ma Io Vi Mollo E Vado Al Mare / Stai Con Me,F1 Team,"7""",,1985,2897764,Pop,2015-04-17 05:22:02,Near Mint (NM or M-),Near Mint (NM or M-),
FBNL 8,New Order,Everythings Gone Green,Factory Benelux,"12"", Single",,1981,1197986,New Wave,2015-10-16 03:40:10,Near Mint (NM or M-),Near Mint (NM or M-),
SLPM 37095,Pataky Attila - Slamovits István,Pataky - Slamovits,Favorit,LP,,1988,6663276,Hard Rock,2015-10-15 07:56:08,Near Mint (NM or M-),Near Mint (NM or M-),
827 231-1,The Cure,The Head On The Door,Fiction Records,"LP, Album",,1985,1070182,New Wave,2015-09-07 01:41:32,Near Mint (NM or M-),Near Mint (NM or M-),
888 688-7,The Cure,Catch,Fiction Records,"7"", Single",,1987,1715725,New Wave,2015-03-17 04:12:13,Near Mint (NM or M-),Very Good Plus (VG+),
BLAZE 14T,The Rose Of Avalanche,Velveteen,Fire Records,"12""",,1986,1653469,Goth-Rock,2015-10-14 10:39:15,Near Mint (NM or M-),Near Mint (NM or M-),
LPX 185,Gianluca Mosole,Tepore,Fonit Cetra,"LP, Album",,1987,2803732,Jazz,2015-10-13 22:42:53,Very Good Plus (VG+),Very Good Plus (VG+),
SP 1828,Eugenio Finardi,Vorrei Svegliarti,Fonit Cetra,"7""",,1985,4634536,Pop,2015-04-17 03:58:20,Near Mint (NM or M-),Near Mint (NM or M-),
"SFC 102, cetra / sfc 102",Fred Buscaglione,Fred Buscaglione,"Fonit Cetra, Fonit Cetra","LP, Comp",,1976,3590421,Pop,2015-04-14 05:01:48,Near Mint (NM or M-),Mint (M),
6438 215,The Pretty Things,Emotions,Fontana,"LP, Album, RE",,1978,2805416,Uncategorized,2015-10-14 03:19:29,Near Mint (NM or M-),Near Mint (NM or M-),
"FRM 1113, none",Major Harris,My Way,"Friday Music, Classic Soul Series (2)","CD, Album, RE, RM",,2009,4533831,Funk-Soul,2015-03-04 00:56:38,Near Mint (NM or M-),Near Mint (NM or M-),
FLP 1002,Circle Jerks,Group Sex,Frontier Records,"LP, Album, RP",,1982,1417525,"Hard Core, Punk",2015-09-29 08:33:01,Near Mint (NM or M-),Near Mint (NM or M-),
FLP 1011,Suicidal Tendencies,Suicidal Tendencies,Frontier Records,"LP, Album",,1983,393819,"Hard Core, Punk",2015-10-05 08:07:11,Near Mint (NM or M-),Near Mint (NM or M-),
FLP 1035,Thin White Rope,Squatter's Rights,Frontier Records,"12"", EP",,1991,1074926,Indie Rock,2015-10-07 02:41:39,Near Mint (NM or M-),Near Mint (NM or M-),
"SAVE 75, none",Red Temple Spirits,"""If Tomorrow I Were Leaving For Lhasa, I Wouldn't Stay A Minute More...""","Fundamental, Nate Starkman & Son","LP, Album",,1989,1561697,Goth-Rock,2015-10-15 09:23:44,Near Mint (NM or M-),Near Mint (NM or M-),
GET-51273,Weldon Irvine,Cosmic Vortex (Justice Divine),Get On Down,"CD, Album, RE, Dig",,2011,2971677,Funk-Soul,2015-03-04 02:09:40,Near Mint (NM or M-),Near Mint (NM or M-),
GRI 6006-0,Dag Nasty,All Ages Show,Giant Records (2),"7"", Single",,1987,452414,Punk,2015-10-22 02:23:41,Mint (M),Near Mint (NM or M-),
013 043-2,Chet Baker,Broken Wing,Gitanes Jazz Productions,"CD, Alb",,2000,1567325,Jazz,2015-03-04 02:02:51,Near Mint (NM or M-),Near Mint (NM or M-),
Glalp 010,David J,Crocodile Tears And The Velvet Cosh,Glass Records (2),"LP, Album",,1985,1111772,Alternative Rock,2015-10-20 02:56:46,Near Mint (NM or M-),Near Mint (NM or M-),
GLALP 017,David J,On Glass,Glass Records (2),"LP, Comp",,1986,1111591,New Wave,2015-10-20 02:46:08,Near Mint (NM or M-),Near Mint (NM or M-),
GLALP 026,Spacemen 3,The Perfect Prescription,Glass Records (2),"LP, Album",,1987,371205,Indie Rock,2015-10-16 01:06:35,Near Mint (NM or M-),Near Mint (NM or M-),
GLALP.009,The Jazz Butcher,A Scandal In Bohemia,Glass Records (2),"LP, Album",,1984,863866,Indie Rock,2015-10-21 07:55:15,Near Mint (NM or M-),Near Mint (NM or M-),
ZL 34356 2,Claudio Baglioni,Claudio,Globo Records,"2xLP, Comp,  Ga",,1985,6382454,Pop,2015-04-15 00:06:46,Near Mint (NM or M-),Near Mint (NM or M-),
DISCGOD0000030,The Barbacans,God Save The Fuzz,Go Down Records,CD,,2009,2601397,Funk-Soul,2015-03-06 00:07:40,Near Mint (NM or M-),Near Mint (NM or M-),
GOM 30018,Change,Miracles,Goody Music Records,"LP, Album",,1981,1237870,Uncategorized,2015-09-11 00:42:38,Mint (M),Mint (M),
GPR 128,Exploding White Mice,Blaze Of Glory / He's Gonna Step On You Again,Greasy Pop Records,"7"", Single",,1987,902764,Alternative Rock,2015-10-22 02:57:02,Mint (M),Near Mint (NM or M-),
BTS-972,The Lime Spiders,25th Hour,Green Records (7),"2x7""",,1983,1635203,Garage-Punk,2015-10-22 00:05:54,Near Mint (NM or M-),Near Mint (NM or M-),
85 733 IT,Fair Weather,Let Your Mind Roll On,Hansa,"LP, Album",,1972,3007682,Rock,2015-10-14 05:26:00,Very Good Plus (VG+),Very Good Plus (VG+),
SHSP 4009,Climax Blues Band,A Lot Of Bottle,Harvest,"LP, Album",,1970,2768014,Rock,2015-09-10 08:10:39,Very Good Plus (VG+),Very Good Plus (VG+),
"3C 064-92 726, 3C 062-92 726",Deep Purple,Fireball,"Harvest, Harvest","LP, Album, RP, Gat",,0,3723081,Hard Rock,2015-09-09 07:03:29,Near Mint (NM or M-),Near Mint (NM or M-),
XSHL 32081,Syl Johnson,Back For A Taste Of Your Love,Hi Records,"LP, Album, She",,1973,6785657,Funk-Soul,2015-06-07 00:48:24,Very Good Plus (VG+),Good (G),
HRP 001,Shotgun Solution,Shotgun EP,High Rise (2),"7"", EP",,1983,1745042,"Hard Core, Punk",2015-10-22 00:17:20,Mint (M),Near Mint (NM or M-),
EDP 1546363,Manfred Mann,Mann Made / The Five Faces Of Manfred Mann,His Master's Voice,"LP, Album, RE + LP, Mono, Album, RE + Comp, Gat",,1983,3933127,Rock,2015-10-13 22:56:39,Near Mint (NM or M-),Near Mint (NM or M-),
IRS-5637,Stan Ridgway,The Big Heat,I.R.S. Records,"LP, Album",,1986,1353348,New Wave,2015-10-14 08:58:50,Near Mint (NM or M-),Near Mint (NM or M-),
IRS-5662,Wall Of Voodoo,Seven Days In Sammystown,I.R.S. Records,"LP, Album",,1985,995858,New Wave,2015-10-07 02:35:04,Near Mint (NM or M-),Near Mint (NM or M-),
IMLS 212,Amen Corner,The National Welsh Coast Live Explosion Company,Immediate,"LP, Album",,1969,5946116,Rock,2015-10-14 00:48:10,Near Mint (NM or M-),Near Mint (NM or M-),
V2165,Various,The Immediate Story,"Immediate, Virgin","LP, Comp",,1980,3127066,Rock,2015-10-14 03:58:58,Near Mint (NM or M-),Near Mint (NM or M-),
IP 019,For Against,Echelons,Independent Project Records,"LP, Album",,1987,836229,New Wave,2015-09-23 00:30:00,Near Mint (NM or M-),Near Mint (NM or M-),Including original innersleeve + catalogue + postcard
IP017,Ten Foot Faces,Don't Want Love,Independent Project Records,"7"", EP, Num",,1985,4779949,Alternative Rock,2015-10-22 02:03:41,Mint (M),Near Mint (NM or M-),
IPR 22,Deception Bay,Deception Bay,Independent Project Records,"LP, MiniAlbum, Ltd",,1989,1075234,Goth-Rock,2015-09-19 23:53:11,Near Mint (NM or M-),Near Mint (NM or M-),
494501-2,Various,Irma Cocktail Lounge Vol. 1,Irma,"CD, Comp",,1999,2605387,Pop,2015-03-04 04:41:29,Near Mint (NM or M-),Near Mint (NM or M-),
IRMA 494502-2,Various,Irma Cocktail Lounge Vol. 2,Irma,"CD, Album, Comp",,1999,536424,Pop,2015-03-04 04:39:58,Near Mint (NM or M-),Near Mint (NM or M-),
IRMA 498657-2,Montefiori Cocktail,Raccolta N°2,Irma,"CD, Album, Dig",,2000,4346118,Pop,2015-03-04 04:34:44,Near Mint (NM or M-),Near Mint (NM or M-),
IRMA 499612-2,Various,Mo'plen Presents: Ninfadelica,Irma,"CD, Comp",,2000,802011,Pop,2015-03-04 04:33:45,Near Mint (NM or M-),Near Mint (NM or M-),
90594-1,The Long Ryders,Two Fisted Tales,Island Records,"LP, Album",,1987,2289253,Garage-Punk,2015-10-20 08:47:02,Near Mint (NM or M-),Near Mint (NM or M-),
ILPS 19001/02,Jethro Tull,Living In The Past,Island Records,"2xLP, Comp",,1972,6655837,Rock,2015-09-07 04:11:42,Near Mint (NM or M-),Very Good Plus (VG+),
ILPS 9916,Anthrax,State Of Euphoria,Island Records,"LP, Album",,1988,2685213,Uncategorized,2015-09-28 10:40:35,Near Mint (NM or M-),Near Mint (NM or M-),
ORL 19592,Grace Jones,Warm Leatherette,Island Records,"LP, Album, RE",,0,2438520,Funk-Soul,2015-09-08 08:52:34,Near Mint (NM or M-),Near Mint (NM or M-),
ILPS 83001,Uriah Heep,Uriah Heep Live,"Island Records, Bronze","2xLP, Album",,1973,1963897,Hard Rock,2015-09-11 23:17:18,Near Mint (NM or M-),Near Mint (NM or M-),
"85 676-270, 85 676 XOT",Traffic,Welcome To The Canteen,"Island Records, Island Records","LP, Album, RE",,0,4001400,bLUES,2015-10-13 13:34:55,Near Mint (NM or M-),Near Mint (NM or M-),
"87 211 XCT, 87 211 XT",The Spencer Davis Group,Spencer Davis Group Featuring Steve Winwood,"Island Records, Island Records","2xLP, Comp",,0,6239943,Rock,2015-10-14 02:44:11,Near Mint (NM or M-),Good Plus (G+),
ZBT 7127,Enzo Carella,Barbara,it,"7""",,1979,1726608,Pop,2015-04-17 03:54:40,Near Mint (NM or M-),Near Mint (NM or M-),
JT1026,The Promise Ring,30° Everywhere,Jade Tree,"LP, Album",,1996,1692547,Indie Rock,2015-10-15 08:06:10,Near Mint (NM or M-),Near Mint (NM or M-),
Tl 193,Various,Moonlight A Great Collection Of Love Song,K-Tel,"LP, Comp",,0,3249431,Pop,2015-04-16 02:10:40,Near Mint (NM or M-),Near Mint (NM or M-),
KDE112,Swans,Young God,K.422,"12"", EP",,1984,388680,Industrial,2015-10-06 08:12:19,Near Mint (NM or M-),Near Mint (NM or M-),
ORL 8520,Stefan Grossman,Bottleneck Serenade,Kicking Mule Records,"LP, Album",,1977,4128423,bLUES,2015-09-08 00:51:35,Near Mint (NM or M-),Near Mint (NM or M-),
KOG-86001-2,United Future Organization,Jazzin',Kind Of Groove,"CD, Comp",,1992,831585,Acid Jazz,2015-03-04 04:26:25,Near Mint (NM or M-),Near Mint (NM or M-),
KVC 6003,Caravan,Caravan : The Collection,Kingdom Records,"LP, Album, Comp",,1982,5266674,Prog-Rock,2015-09-11 07:56:55,Near Mint (NM or M-),Near Mint (NM or M-),
LD 877,The Nomads (2),Hardware,LD Records,"LP, Album",,1987,1148300,Alternative Rock,2015-10-16 03:57:14,Near Mint (NM or M-),Near Mint (NM or M-),
LST-7618,Canned Heat,Hallelujah,Liberty,"LP, Album",,1969,3074316,bLUES,2015-10-12 10:53:29,Near Mint (NM or M-),Near Mint (NM or M-),
LIL 820002,Pino Calvi,Ever Green N. 1,Life Collection (2),"LP, Comp",,1983,4526947,Pop,2015-04-14 07:17:25,Near Mint (NM or M-),Near Mint (NM or M-),
LILP 4.00237 G,Billy Bragg,Talking With The Taxman About Poetry,Line Records,"LP, Whi",,1986,1484301,Folk-Rock,2015-09-29 07:13:42,Near Mint (NM or M-),Near Mint (NM or M-),
OLLP 5242 AS,The Creation (2),Re-Creation (The Rest Of The Creation),Line Records,"LP, Comp",,1982,3885814,Rock,2015-10-13 08:53:43,Near Mint (NM or M-),Near Mint (NM or M-),
5013,The Dead Boys,Night Of The Living Dead Boys,Lolita,"LP, Album",,1981,572736,Punk,2015-09-20 00:47:36,Near Mint (NM or M-),Near Mint (NM or M-),
886 076-7,Run-DMC,Walk This Way,London Records,"7"", Single",,1986,1048949,Funk-Soul,2015-03-05 00:46:42,Near Mint (NM or M-),Near Mint (NM or M-),
LON 371,Marion (3),Let's All Go Together,London Records,"7"", Single, Num, Yel",,1995,1426199,Indie Rock,2015-10-22 08:37:23,Mint (M),Near Mint (NM or M-),
LDR 1201,Jimmy Castor,C,Long Distance Records,"LP, Album",,1980,882172,Funk-Soul,2015-09-07 22:25:05,Mint (M),Mint (M),
LM 182,Marco Lucchinelli,"Lei Cagiva, Lui Ducati / Voglio Dire",Lucky (3),"7""",,0,3179165,Pop,2015-03-05 00:45:19,Near Mint (NM or M-),Near Mint (NM or M-),
LULP 14904,Giorgio Zito & Diesel (19),Avanti Un Altro,Lupus,"LP, Album",,1981,5401163,POP ITALIANO,2015-09-11 05:19:14,Near Mint (NM or M-),Near Mint (NM or M-),
MASNP 007,P.E.P.E.,Shadilay,Magic Sound,"12""",,1986,597903,Italodisco,2015-09-11 04:34:19,Near Mint (NM or M-),Near Mint (NM or M-),UNPLAYED FROM RECORD SHOP GREAT COPY
SPIN 211,Rainer And Das Combo,Barefoot Rock With Rainer And Das Combo,Making Waves,"LP, Album",,1986,2220682,Alternative Rock,2015-10-14 10:01:09,Near Mint (NM or M-),Near Mint (NM or M-),
MAL 612,The Kinks,Well Respected Kinks,Marble Arch Records,"LP, Comp, Mono, Fli",,1966,926051,Rock,2015-10-14 03:39:43,Very Good Plus (VG+),Very Good Plus (VG+),
MCA 37046,Steppenwolf,The Second,MCA Coral,"LP, Album, RE",,0,6928064,Rock,2015-10-14 04:39:55,Near Mint (NM or M-),Near Mint (NM or M-),
088 112 727-2,Lynyrd Skynyrd,(Pronounced 'Lĕh-'nérd 'Skin-'nérd),MCA Records,"CD, Album, RE, RM",,2001,2009382,Rock,2015-03-03 04:38:28,Near Mint (NM or M-),Near Mint (NM or M-),
250 634-1,Camel,Camel,MCA Records,"LP, Album, RE",,0,5586923,Prog-Rock,2015-10-13 11:05:25,Near Mint (NM or M-),Near Mint (NM or M-),
MAPS 6624,Budgie,Never Turn Your Back On A Friend,MCA Records,"LP, Album",,1973,7062803,Hard Rock,2015-09-09 02:14:17,Very Good Plus (VG+),Very Good Plus (VG+),
MCA-5641,The Who,Who's Missing,MCA Records,"LP, Comp",,1985,487459,Rock,2015-10-05 09:52:30,Near Mint (NM or M-),Near Mint (NM or M-),
MCA-5712,The Who,Two's Missing,MCA Records,"LP, Comp",,1987,2479604,Rock,2015-10-05 09:50:03,Near Mint (NM or M-),Near Mint (NM or M-),
MCAD-10517,"Buddy Guy, Junior Mance & Junior Wells",Buddy And The Juniors,MCA Records,"CD, Album, RE",,0,5216726,Funk-Soul,2015-03-03 04:44:00,Near Mint (NM or M-),Near Mint (NM or M-),
"MCG 3507, 0C 064 ◦ 94992, MAPS 3977",Wishbone Ash,Wishbone Ash,"MCA Records, MCA Records, MCA Records","LP, Album, RE",,1974,1485058,Hard Rock,2015-10-13 13:18:40,Near Mint (NM or M-),Near Mint (NM or M-),
MKX 68002,Amanda Lear,No Credit Card / Jungle Beat,Merak Music,"7""",,1985,3563854,Pop,2015-04-17 04:15:16,Near Mint (NM or M-),Near Mint (NM or M-),
MR 019,The Sisters Of Mercy,Anaconda / Phantom,Merciful Release,"7"", Single",,1983,264414,Goth-Rock,2015-10-22 09:11:41,Mint (M),Near Mint (NM or M-),
132 505 MCF,Aphrodite's Child,I Want To Live,Mercury,"7"", Single",,1969,3148416,Rock,2015-03-05 00:42:35,Near Mint (NM or M-),Near Mint (NM or M-),
6005 003,Lee Patterson Singers,Oh Happy Day,Mercury,"7""",,1974,1973719,Pop,2015-04-17 03:43:22,Near Mint (NM or M-),Near Mint (NM or M-),
SRM-1-3795,Scorpions,Lovedrive,Mercury,"LP, Album",,1979,2968848,Hard Rock,2015-10-16 01:47:06,Near Mint (NM or M-),Very Good Plus (VG+),
CHIME 00.11 S,The Essence (4),Purity,Midnight Music,"LP, Album",,1985,848254,Goth-Rock,2015-09-22 10:53:04,Near Mint (NM or M-),Near Mint (NM or M-),
MIR LP 119,The Tryfles,The Tryfles,Midnight Records (2),"LP, Album",,1986,2625270,Garage-Punk,2015-10-05 07:41:49,Near Mint (NM or M-),Near Mint (NM or M-),
530 936-2,Commodores,Commodores,Motown,"CD, Album, RE, RM",,1998,1939971,Funk-Soul,2015-03-04 00:48:04,Near Mint (NM or M-),Near Mint (NM or M-),
Movement 007 EP,The Hunting Party (2),Velvet Garden,Movement Records (2),"7""",,1985,738370,New Wave,2015-10-22 02:16:02,Mint (M),Near Mint (NM or M-),
MT 007,The Splatcats,Sin 73,Moving Target (2),"LP, Album",,1986,2018144,Punk,2015-10-16 00:36:55,Near Mint (NM or M-),Near Mint (NM or M-),
64 7916531,Paul McCartney,Flowers In The Dirt,"MPL (2), Parlophone","LP, Album",,1989,1233046,Rock,2015-04-16 08:11:28,Near Mint (NM or M-),Near Mint (NM or M-),
68.023,George Duke,Feel,MPS Records,"LP, Album, RP",,0,1788002,Funk-Soul,2015-09-08 01:32:12,Near Mint (NM or M-),Very Good Plus (VG+),
"68.025, MPS 15.448",George Duke,The Aura Will Prevail,"MPS Records, MPS Records","LP, Album, RE",,0,2725653,Funk-Soul,2015-09-08 01:17:12,Near Mint (NM or M-),Near Mint (NM or M-),
MDO 58705,Firefly (2),Firefly 3,Mr. Disc Organization,"LP, Album",,1982,534711,Italodisco,2015-09-08 10:08:37,Near Mint (NM or M-),Near Mint (NM or M-),
7 MUTE 032,Nick Cave & The Bad Seeds,In The Ghetto,Mute,"7"", Single",,1984,424291,Alternative Rock,2015-10-22 07:50:36,Mint (M),Near Mint (NM or M-),
MUTE 192,Nick Cave & The Bad Seeds,Into My Arms,Mute,"7""",,1997,505062,Acoustic,2015-10-22 07:40:37,Near Mint (NM or M-),Near Mint (NM or M-),
STUMM 64,Depeche Mode,Violator,Mute,"LP, Album",,1990,2078963,Electronic,2015-09-10 08:46:15,Mint (M),Mint (M),
STUMM72,Nitzer Ebb,Showtime,Mute,"LP, Album",,1990,98239,Electronic,2015-10-16 03:29:36,Near Mint (NM or M-),Near Mint (NM or M-),
540074,Fad Gadget,Gag,"Mute, Vogue Productions","LP, Album",,1984,410962,New Wave,2015-09-23 00:36:52,Near Mint (NM or M-),Near Mint (NM or M-),
NLP 11009,Jimi Hendrix,In Memoriam - That Unforgettable Jimi Hendrix,Napoleon,"LP, Comp",,1973,2450393,Rock,2015-09-07 04:39:13,Near Mint (NM or M-),Very Good Plus (VG+),RARE EDITION COBRA RECORD LG LP 309
We Buy 7,Human Hands,Hereafter,Nate Starkman & Son,"LP, Comp",,1988,2111936,Indie Rock,2015-10-20 01:16:04,Near Mint (NM or M-),Near Mint (NM or M-),
NEL 6018,Black Sabbath,Sabotage,NEMS,"LP, Album",,1980,713017,Uncategorized,2015-09-20 05:57:15,Near Mint (NM or M-),Near Mint (NM or M-),
BAD VC 62,Joy Of Life,Enjoy,New European Recordings,"12"", MiniAlbum",,1985,457485,New Wave,2015-10-20 02:24:39,Near Mint (NM or M-),Near Mint (NM or M-),
ROSE 100,Various,Play New Rose For Me,New Rose Records,"2xLP, Comp",,1986,1692494,Rock,2015-10-07 07:14:41,Near Mint (NM or M-),Near Mint (NM or M-),
ROSE 113,Tav Falco's Panther Burns,The World We Knew,New Rose Records,"LP, Album, Gat",,1987,1781735,Garage-Punk,2015-09-22 01:14:26,Near Mint (NM or M-),Near Mint (NM or M-),
NO 203,New Order,One Sweat Night,Not On Label (New Order),"LP, Unofficial, W/Lbl",,0,1857384,New Wave,2015-10-16 03:34:59,Near Mint (NM or M-),Near Mint (NM or M-),
PL 75190 (2),Lucio Battisti,All The Best,Numero Uno,"2xLP, Comp, Gat",,1991,3957165,POP ITALIANO,2015-09-09 03:06:26,Mint (M),Mint (M),
ZN 50144,Lucio Battisti,I Giardini Di Marzo,Numero Uno,"7""",,1972,2714935,Pop,2015-03-05 00:58:12,Near Mint (NM or M-),Near Mint (NM or M-),
ZNLN 33003,Lucio Battisti,Il Meglio Di Lucio Battisti Vol. 2,Numero Uno,"LP, Comp",,1976,2251255,Pop,2015-04-14 06:54:34,Near Mint (NM or M-),Near Mint (NM or M-),
31C 062 421209,Fernando Mendes,O Internato,Odeon,"LP, Album",,1980,2936552,Pop,2015-04-16 07:38:29,Near Mint (NM or M-),Near Mint (NM or M-),
ON-U LP56,Dub Syndicate,Stoned Immaculate,On-U Sound,"LP, Album",,1992,173280,Reggae,2015-06-21 04:17:06,Near Mint (NM or M-),Very Good Plus (VG+),
OUT ST 25015,Bob Marley & The Wailers,African Herbsman,OUT (2),"LP, Album",,1979,2824137,Reggae,2015-09-07 08:57:58,Very Good Plus (VG+),Very Good Plus (VG+),
"OLLP 5232 AS, OLLP 5232",The Yardbirds,For Your Love,"Outline Records, Outline Records","LP, Album, RE",,1982,2679353,bLUES,2015-10-13 13:06:40,Near Mint (NM or M-),Very Good (VG),
OX/3158,Small Faces,Ogdens' Nut Gone Flake,Oxford,"LP, Album, RE",,1980,3182274,Rock,2015-10-14 05:52:42,Very Good Plus (VG+),Very Good Plus (VG+),
OX/3191,Rettore,Brivido Divino,Oxford,"LP, Album, RE",,1981,985630,POP ITALIANO,2015-09-09 05:47:25,Very Good Plus (VG+),Very Good Plus (VG+),
92 5577-1,Prince,"Sign ""O"" The Times",Paisley Park,"2xLP, Album",,1987,861842,Funk-Soul,2015-09-08 02:13:27,Mint (M),Mint (M),"SPECIAL EDITION WITH STICKER ""BLUE HEART"" ON CELLOPHANE VERY RARE"
QMSP 16423,The Beatles,Lady Madonna,Parlophon,"7""",,1968,2664351,Rock,2015-03-05 00:53:00,Very Good Plus (VG+),Very Good (VG),
825646331314,Damon Albarn,Everyday Robots,Parlophone,"CD, Album",,2014,5641168,Pop,2015-03-04 02:01:46,Near Mint (NM or M-),Near Mint (NM or M-),
"5099969942617, PCS 7027",The Beatles,Sgt. Pepper's Lonely Hearts Club Band,"Parlophone, Parlophone","LP, Album, RE, RM, 180",,2012,4020570,Rock,2015-09-20 06:16:42,Mint (M),Mint (M),
12X45-6,Tanya Winley / Harlem Underground Band,Vicious Rap,Paul Winley Records,"12"", RE",,0,2235278,Hip-Hop,2015-06-21 03:11:10,Near Mint (NM or M-),Near Mint (NM or M-),
PR 7170,"Don Menza With Chuck Findley, Bill Reichenbach (2), Frank Strazzeri, Frank De La Rosa, John Dentz",Horn Of Plenty,Pausa Records,"LP, Album",,1985,4600561,Jazz,2015-09-16 05:48:54,Mint (M),Mint (M),SEALED
PR 7185,Les Hooper,Hoopla II,Pausa Records,"LP, Album",,0,3094323,Jazz,2015-09-11 00:35:51,Mint (M),Mint (M),
PLD. A. 5035,Mina (3),...Del Mio Meglio,PDU,"LP, Comp",,1971,2940840,POP ITALIANO,2015-09-09 13:30:30,,,
Pld. L 6036,Mina (3),Minacantalucio,PDU,"LP, Album",,1975,3317430,POP ITALIANO,2015-09-09 13:24:05,Mint (M),Mint (M),
Pld. L 7060,Mina (3),Oggi Ti Amo Di Più,PDU,"LP, Comp",,1988,3173429,POP ITALIANO,2015-09-09 13:06:09,Near Mint (NM or M-),Near Mint (NM or M-),
6303 004,The Nice,Five Bridges,Philips,"LP, Album",,1970,2022359,Prog-Rock,2015-10-13 07:50:18,Near Mint (NM or M-),Very Good Plus (VG+),
6303 011,The Nice,Elegy,Philips,"LP, Album",,1970,5563904,Prog-Rock,2015-10-13 07:46:24,Near Mint (NM or M-),Very Good Plus (VG+),
6323 007 L,Le Orme,Collage,Philips,"LP, Album, Gat",,1971,1290280,Prog-Rock,2015-09-07 04:22:36,Very Good Plus (VG+),Very Good Plus (VG+),
6336 281,Blue Cheer,Vincebus Eruptum,Philips,"LP, Album, RE",,1979,1344522,Hard Rock,2015-09-22 07:31:15,Near Mint (NM or M-),Near Mint (NM or M-),
6369 916 L,Genesis,Nursery Cryme,Philips,"LP, Album",,1972,2398693,Prog-Rock,2015-09-08 05:30:29,Near Mint (NM or M-),Near Mint (NM or M-),COVER LAMINATE 1ST ITALIAN PRESS PERFECT COPY
SBL 7840,Scott Walker,Scott 2,Philips,"LP, Album",,1968,2403028,Folk-Rock,2015-09-25 10:50:09,Very Good Plus (VG+),Very Good Plus (VG+),
548 429 - 2,Serge Gainsbourg,Histoire De Melody Nelson,"Philips, Mercury","CD, Album, RE, RM",,0,395586,Pop,2015-03-03 04:31:11,Near Mint (NM or M-),Near Mint (NM or M-),
"370 621 PF, 370 621 BF",Paul Mauriat And His Orchestra,L'Amore È Blu,"Philips, Philips","7"", Mono",,1968,2715273,Pop,2015-03-05 00:44:03,Near Mint (NM or M-),Near Mint (NM or M-),
"SBL 7816, 844 202 BY",Scott Walker,Scott,"Philips, Philips","LP, Album",,1967,1206363,Uncategorized,2015-09-25 10:46:36,Very Good Plus (VG+),Very Good Plus (VG+),
"SBL 7882, 844 236 BY",Scott Walker,Scott 3,"Philips, Philips","LP, Album, Gat",,1969,679840,Folk-Rock,2015-09-25 10:52:51,Very Good Plus (VG+),Very Good Plus (VG+),
72063-1,Plasticland,Wonder Wonderful Wonderland,Pink Dust,"LP, Album",,1985,1771462,Alternative Rock,2015-10-15 07:59:16,Near Mint (NM or M-),Near Mint (NM or M-),
PLA-401,J.F.A.,Valley Of The Yakes,Placebo Records,"12"", Album",,1983,806427,"Hard Core, Punk",2015-10-20 02:15:04,Near Mint (NM or M-),Near Mint (NM or M-),
"NYR 1, NYR1",The Pogues,If I Should Fall From Grace With God,"Pogue Mahone Records, Pogue Mahone Records","LP, Album",,1988,619121,Folk-Rock,2015-10-15 08:44:29,Near Mint (NM or M-),Near Mint (NM or M-),
184 199,Bee Gees,Odessa,Polydor,"2xLP, Album, Gat",,1969,5733901,Pop,2015-09-07 06:58:00,Near Mint (NM or M-),Near Mint (NM or M-),felt sleeve.
2311 032,Killing Joke,Killing Joke,Polydor,"LP, Album",,1980,2227369,New Wave,2015-09-21 07:12:09,Near Mint (NM or M-),Near Mint (NM or M-),
2480 056,The Who,Who's Next,Polydor,"LP, Album, RE",,1981,996205,Rock,2015-09-29 10:46:08,Near Mint (NM or M-),Near Mint (NM or M-),
POLD 5165,Flesh For Lulu,Flesh For Lulu,Polydor,"LP, Album",,1984,1833858,Goth-Rock,2015-09-21 05:50:33,Near Mint (NM or M-),Near Mint (NM or M-),
PBS 122,Agent Orange (7),Living In Darkness,Posh Boy,"LP, RP",,1981,2784007,Punk,2015-09-28 08:05:56,Near Mint (NM or M-),Near Mint (NM or M-),
PBS 13,Black Flag,Louie Louie,Posh Boy,"7"", Single, Lar",,1981,5971133,"Hard Core, Punk",2015-10-22 08:02:01,Mint (M),Near Mint (NM or M-),
3C 062-91908,Steppenwolf,Steppenwolf 7,Probe,"LP, Album",,1971,3394867,Hard Rock,2015-09-29 07:45:04,Very Good Plus (VG+),Very Good Plus (VG+),
PACAN LP 713,Santo & Johnny,Disco D'Oro,"Produttori Associati, Canadian-American Records","LP, Album, Dlx, Gat",,1975,5821142,Rock,2015-09-08 22:59:55,Very Good Plus (VG+),Very Good Plus (VG+),
PVC 5906,The Long Ryders,10-5-60,PVC Records,"12"", EP",,1983,935826,Garage-Punk,2015-10-20 08:44:26,Near Mint (NM or M-),Near Mint (NM or M-),
"202 036, 202 036-241",The Kinks,Kinda Kinks,"PYE Records, PYE Records","LP, Album, Mono, RE",,1980,2399717,Rock,2015-10-14 02:16:23,Near Mint (NM or M-),Near Mint (NM or M-),
"1-25845, 9 25845-1",New Order,Technique,"Qwest Records, Qwest Records","LP, Album, ARC",,1989,246267,Alternative Rock,2015-09-29 07:28:47,Near Mint (NM or M-),Near Mint (NM or M-),
"RAB-TI-010, RAB-TI-012",The Texas Instruments,The Texas Instruments,"Rabid Cat Records, Rabid Cat Records","LP, Album",,1987,1698784,Indie Rock,2015-10-05 07:36:28,Near Mint (NM or M-),Near Mint (NM or M-),
CY 28331 (2),Scorpions,Tokyo Tapes,RCA,"2xLP, Album, RE",,1982,1986325,Hard Rock,2015-09-08 14:03:07,Near Mint (NM or M-),,
NL 33045,Patty Pravo,I Successi Di Patty Pravo,RCA,"LP, Comp",,1977,2738007,Pop,2015-04-14 04:45:07,Near Mint (NM or M-),Near Mint (NM or M-),
PL 71778 (2),Lucio Dalla / Gianni Morandi,Dalla / Morandi,RCA,"2xLP, Album, Gat",,1988,1297904,Pop,2015-04-14 04:54:33,Near Mint (NM or M-),Near Mint (NM or M-),
S 27,Various,Tempo Di Vacanze,RCA Italiana,"LP, Comp",,0,3570333,Pop,2015-04-16 02:41:35,Near Mint (NM or M-),Near Mint (NM or M-),
"YL 13807, KKAY 33486/7",Lou Reed,Coney Island Baby,"RCA, RCA","LP, Album, RE",,1981,1855486,Rock,2015-09-29 02:12:35,Near Mint (NM or M-),Near Mint (NM or M-),
PL 31361,Il Guardiano Del Faro Orchestra,... Per Vivere ,"RCA, RCA Italiana","LP, Album",,1982,7068718,POP ITALIANO,2015-09-08 04:50:17,Very Good Plus (VG+),Very Good Plus (VG+),
TPBO 1231,Golf Lima Lima,Adesso Musica / Leslie,"RCA, RCA Italiana","7""",,1976,3500131,Pop,2015-04-17 05:02:56,Near Mint (NM or M-),Near Mint (NM or M-),
RMS 5003,Mina (3),More Than Strangers,Regalia,"LP, Comp",,1969,2686251,POP ITALIANO,2015-09-09 12:58:05,Near Mint (NM or M-),Near Mint (NM or M-),
88561-8167-1,Hugo Largo,Drum,Relativity,"LP, Album",,1987,1667844,Ethereal,2015-10-20 01:52:55,Near Mint (NM or M-),Near Mint (NM or M-),
REP 4214-WZ,The Zombies,Odessey And Oracle,Repertoire Records,"CD, Album, Comp, RE",,1992,3752366,Rock,2015-03-04 02:07:18,Near Mint (NM or M-),Near Mint (NM or M-),
7599-26108-2,Gram Parsons,GP / Grievous Angel,Reprise Records,"CD, Comp",,0,414104,Rock,2015-03-03 04:33:08,Near Mint (NM or M-),Near Mint (NM or M-),
K 64017,Jimi Hendrix,"Sound Track Recordings From The Film ""Jimi Hendrix""",Reprise Records,"2xLP, Album",,1973,4088354,Rock,2015-10-16 08:07:42,Near Mint (NM or M-),Near Mint (NM or M-),
9362-47612-2,B.B. King & Eric Clapton,Riding With The King,"Reprise Records, Duck Records (2)","CD, Album",,2000,2023864,Rock,2015-03-04 04:12:57,Near Mint (NM or M-),Near Mint (NM or M-),
"33-8921, 33 - 8921",Pagans,Street Where Nobody Lives,"Resonance (2), Resonance (2)","LP, Comp",,1989,1343181,Punk,2015-09-21 04:12:14,Near Mint (NM or M-),Near Mint (NM or M-),
"72251-1, 7 72251-1",Social Distortion,Prison Bound,"Restless Records, Restless Records","LP, Album",,1988,877248,Punk,2015-10-06 03:15:17,Near Mint (NM or M-),Near Mint (NM or M-),
Revelation:17,Youth Of Today,Disengage,Revelation Records (8),"7""",,1990,378671,"Hard Core, Punk",2015-10-22 03:10:27,Mint (M),Near Mint (NM or M-),
RNLP 70237,The Young Rascals,The Young Rascals,Rhino Records (2),"LP, Album, RE, RM",,1988,2065746,Rock,2015-10-13 13:16:04,Near Mint (NM or M-),Near Mint (NM or M-),
RNLP 70857,The Pandoras,Stop Pretending,Rhino Records (2),"LP, Album",,1986,1999702,Hard Rock,2015-09-29 03:33:16,Near Mint (NM or M-),Near Mint (NM or M-),
"R1 70240, RNLP 70240",The Rascals,Once Upon A Dream,"Rhino Records (2), Rhino Records (2)","LP, Album, RE, RM",,1988,2065757,Rock,2015-10-13 12:57:00,Near Mint (NM or M-),Near Mint (NM or M-),
ORL 8005,Equipe 84,Raccolta Di Successi,Ricordi,"LP, Comp, RE",,1975,2186974,POP ITALIANO,2015-09-08 06:56:38,Near Mint (NM or M-),Near Mint (NM or M-),
SMRL 6154,Mia Martini,Sensi E Controsensi,Ricordi,"LP, Album, Sha",,1975,4732700,POP ITALIANO,2015-09-07 09:16:57,Near Mint (NM or M-),Very Good Plus (VG+),
"RFM LP 14801, RFM-LP 14801",I Giganti,I Giganti,"Rifi, Rifi","LP, Album",,1966,1931173,POP ITALIANO,2015-09-08 11:06:25,Near Mint (NM or M-),Near Mint (NM or M-),
Riskant 4008,Minimal Compact,Deadly Weapons,Riskant,"LP, Album",,1984,211980,New Wave,2015-10-20 10:08:48,Near Mint (NM or M-),Near Mint (NM or M-),
ZL 71752,Stadio,Canzoni Alla Stadio,Ritzland Records,"LP, Comp",,1988,2719194,Pop,2015-04-15 00:27:51,Near Mint (NM or M-),Near Mint (NM or M-),
RKL 20323,Rockets,Atomic,Rockland Records,"LP, Album",,1982,525460,Italodisco,2015-09-09 00:06:19,Near Mint (NM or M-),Very Good Plus (VG+),COVER EX GREAT COPY
ROUGH 1,Stiff Little Fingers,Inflammable Material,Rough Trade,"LP, Album",,1979,868401,Punk,2015-10-06 03:09:45,Near Mint (NM or M-),Near Mint (NM or M-),
ROUGH 26,This Heat,Deceit,Rough Trade,"LP, Album",,1981,383526,Alternative Rock,2015-10-06 09:54:17,Near Mint (NM or M-),Near Mint (NM or M-),
RTT 180,The Feelies,No One Knows,Rough Trade,"12"", EP",,1986,1200030,Indie Rock,2015-09-23 00:59:58,Near Mint (NM or M-),Near Mint (NM or M-),
1565096,Mike Mareen,Here I Am ( Remix ),Savoir Faire Records,"12"", Maxi",,1986,844466,Italodisco,2015-09-11 01:57:29,Near Mint (NM or M-),Near Mint (NM or M-),
SEC 4,4 Skins,"The Good, The Bad & The 4 Skins",Secret Records (8),"LP, Album",,1982,403850,Punk,2015-09-22 01:20:13,Near Mint (NM or M-),Near Mint (NM or M-),
CM 103,The Pretty Things,The Pretty Things 1967-1971,See For Miles Records Ltd.,"LP, Comp",,1982,3800060,Rock,2015-10-13 23:12:38,Near Mint (NM or M-),Near Mint (NM or M-),
CM 109,Simon Dupree And The Big Sound,Kites,See For Miles Records Ltd.,"LP, Comp",,1982,3143019,Rock,2015-10-14 05:14:06,Near Mint (NM or M-),Near Mint (NM or M-),
SEE 200,Family (6),Family Entertainment,See For Miles Records Ltd.,"LP, RE",,1987,1899276,Prog-Rock,2015-10-13 09:15:34,Near Mint (NM or M-),Near Mint (NM or M-),
"CM 105, CM105",Manfred Mann,The R & B Years,"See For Miles Records Ltd., Charly Records","LP, Comp, Mono",,1982,1833092,bLUES,2015-10-13 10:49:43,Very Good Plus (VG+),Very Good Plus (VG+),
NEM CD 964,Curtis Mayfield,Superfly / Short Eyes,Sequel Records,"2xCD, Comp, RM",,1998,509044,Funk-Soul,2015-03-04 00:42:31,Near Mint (NM or M-),Near Mint (NM or M-),
SR-2110,Mary McCreary,Jezebel,Shelter Recording Company Inc.,LP,,1974,1057825,Funk-Soul,2015-09-07 23:38:04,Mint (M),Mint (M),
DK 30532,Johnny Guitar Watson,Ain't That A Bitch,Shout! Factory,"CD, Album, RE, RM",,2005,3982275,Funk-Soul,2015-03-03 04:54:43,Near Mint (NM or M-),Near Mint (NM or M-),
"WX 246, 925 829-1",Lou Reed,New York,"Sire, Sire","LP, Album",,1989,605068,Rock,2015-09-29 02:16:22,Near Mint (NM or M-),Near Mint (NM or M-),
"9 26140-1, 1-26140",Lou Reed / John Cale,Songs For Drella,"Sire, Sire, Warner Bros. Records, Warner Bros. Records","LP, Album",,1990,2698870,Rock,2015-09-29 02:48:17,Near Mint (NM or M-),Near Mint (NM or M-),
7599 26140-2,Lou Reed / John Cale,Songs For Drella,"Sire, Warner Bros. Records","CD, Album",,0,1498982,Rock,2015-03-04 04:03:36,Near Mint (NM or M-),Near Mint (NM or M-),
8280061,Violent Femmes,The Blind Leading The Naked,Slash,LP,,1986,3232048,Alternative Rock,2015-10-07 06:56:45,Near Mint (NM or M-),Near Mint (NM or M-),
SOC 77,The Danse Society,2000 Light Years From Home,"Society Records, Arista","2x7"", Single, Ltd",,1984,5401446,New Wave,2015-10-22 09:32:02,Very Good Plus (VG+),Very Good Plus (VG+),
"DOOMED 2, DOOMED TWO",Crime (2),San Francisco's Doomed,"Solar Lodge Records, Solar Lodge Records","LP, Comp, Ltd",,1990,985640,Punk,2015-09-19 07:09:34,Near Mint (NM or M-),Near Mint (NM or M-),
BART 333,Einstürzende Neubauten,Haus Der Luege,Some Bizzare,"LP, Album",,1989,216722,Industrial,2015-10-15 05:58:28,Near Mint (NM or M-),Near Mint (NM or M-),
SNTF 783,Canned Heat,Human Condition,Sonet,"LP, Album",,1978,2322561,bLUES,2015-10-14 03:56:02,Near Mint (NM or M-),Near Mint (NM or M-),
88697131642,Fiorella Mannoia,Onda Tropicale,Sony BMG Music Entertainment,"CD, Album",,2007,4405384,Pop,2015-03-04 04:20:09,Near Mint (NM or M-),Near Mint (NM or M-),
"474069 2, 01-474069-10",Jamiroquai,Emergency On Planet Earth,"Sony Soho Square, Sony Soho Square","CD, Album, RE",,0,21972,Funk-Soul,2015-03-04 00:57:39,Near Mint (NM or M-),Near Mint (NM or M-),
CD SBCS 1,Hot Chocolate (3),Hot Chocolate,Soul Brother Records (3),"CD, Album, RE",,1999,1839590,Funk-Soul,2015-03-03 04:55:33,Near Mint (NM or M-),Near Mint (NM or M-),
CD SBCS 54,Bobby Lyle,The Genie,Soul Brother Records (3),"CD, Album, RE",,2012,3857395,Funk-Soul,2015-03-03 04:52:27,Near Mint (NM or M-),Near Mint (NM or M-),
CD SBPJ 42,Norman Connors,You Are My Starship / Romantic Journey,Soul Brother Records (3),"CD, Comp, RE",,2010,2351928,Funk-Soul,2015-03-04 00:45:37,Near Mint (NM or M-),Near Mint (NM or M-),
SST 044,Meat Puppets,In A Car,SST Records,"7"", EP, RE",,1985,368905,"Hard Core, Punk",2015-10-22 01:48:18,Near Mint (NM or M-),Very Good Plus (VG+),
SST 049,Meat Puppets,Out My Way,SST Records,"12"", EP",,1986,2767595,Alternative Rock,2015-10-16 07:27:38,Near Mint (NM or M-),Near Mint (NM or M-),
SST 100,Meat Puppets,Mirage,SST Records,"LP, Album",,1987,402895,Alternative Rock,2015-10-16 07:25:16,Near Mint (NM or M-),Near Mint (NM or M-),
SST 103,Opal (2),Happy Nightmare Baby,SST Records,"LP, Album",,1987,658713,Indie Rock,2015-10-16 02:43:15,Near Mint (NM or M-),Near Mint (NM or M-),
SST 253,Meat Puppets,Monsters,SST Records,"LP, Album",,1989,1333333,Indie Rock,2015-10-16 07:23:33,Near Mint (NM or M-),Near Mint (NM or M-),
SCONC 004,Cult Hero,I'm A Cult Hero,Stampa Alternativa,"7"", Unofficial, Single",,1988,559845,New Wave,2015-03-17 04:04:33,Near Mint (NM or M-),Near Mint (NM or M-),
STX 4130,Bar-Kays,Gotta Groove,Stax,"LP, Album, RE",,1979,801895,Funk-Soul,2015-10-13 12:50:51,Near Mint (NM or M-),Near Mint (NM or M-),
SCD-88012-2,Mavis Staples,Mavis Staples/Only For The Lonely,"Stax, Volt","CD, Comp, RM",,1993,4681790,Funk-Soul,2015-03-04 01:02:15,Near Mint (NM or M-),Near Mint (NM or M-),
DEV 2,Devo,(I Can't Get Me No) Satisfaction,Stiff Records,"7""",,1978,2885383,New Wave,2015-10-22 09:25:54,Very Good Plus (VG+),Very Good (VG),
PC 6182,Ian Dury,Sex & Drugs & Rock & Roll,Stiff Records,"12"", Promo",,1978,4149681,Punk,2015-09-08 01:07:39,Near Mint (NM or M-),Very Good Plus (VG+),
SFPS 002,The Damned,The Peel Sessions,Strange Fruit,"12""",,1986,1203796,Uncategorized,2015-09-28 08:31:31,Near Mint (NM or M-),Near Mint (NM or M-),
SFPS 018,The Specials,The Peel Sessions,Strange Fruit,"12""",,1987,921170,Uncategorized,2015-10-05 10:18:52,Near Mint (NM or M-),Near Mint (NM or M-),
ELCST 1984,Various,Street Sounds UK Electro,Street Sounds,"LP, Comp, Mixed",,1984,27082,Uncategorized,2015-09-11 08:03:57,,,
SP 94,Thin White Rope,Ants Are Cavemen b/w Little Doll,Sub Pop,"7"", Mau",,1991,880010,Alternative Rock,2015-10-22 02:29:51,Mint (M),Near Mint (NM or M-),
SP18,Mudhoney,Touch Me I'm Sick b/w Sweet Young Thing Ain't Sweet No More,Sub Pop,"7"", Single, RE, Sec",,1988,1194655,Alternative Rock,2015-10-21 09:23:53,Near Mint (NM or M-),Near Mint (NM or M-),
SP33,Mudhoney,You Got It (Keep It Outta My Face) b/w Burn It Clean,Sub Pop,"7"", Single",,1989,774346,Alternative Rock,2015-10-21 09:42:05,Near Mint (NM or M-),Near Mint (NM or M-),
SUB 27,Code Of Honor / Sick Pleasure,Fight Or Die / Dolls Under Control,Subterranean Records,LP,,1982,581602,Uncategorized,2015-09-19 07:44:57,Near Mint (NM or M-),Near Mint (NM or M-),First issue with a black and white sleeve. WITH INSERT OF SUBTERRANEAN RECORDS
508 100-1,Caterina Caselli,Amada Mia,Sugar Music,"LP, Album",,1990,3851871,Pop,2015-04-14 07:01:36,Near Mint (NM or M-),Near Mint (NM or M-),
"SUN NP 01, SUN NP 10","Elvis Presley, Scotty Moore And Bill Black (2) / The Million Dollar Quartet",That's All Right Mama / Down By The Riverside,"Sun (9), Sun (9)","7"", Mono",,1989,3875741,Pop,2015-03-18 01:14:03,Near Mint (NM or M-),Near Mint (NM or M-),
SBMCW5505,Blossom Toes,We Are Ever So Clean,Sunbeam Records,"CD, Album, Ltd, RE, RM, Del",,2007,4403496,Pop-Rock,2015-03-04 02:14:56,Near Mint (NM or M-),Near Mint (NM or M-),
BLUE 006X,The Bluetones,Marblehead Johnson,Superior Quality Recordings,"7"", Single, Ltd",,1996,514355,Alternative Rock,2015-10-22 08:30:18,Mint (M),Near Mint (NM or M-),
SF 005,Weimar Gesang,The Colours Of Ice,Supporti Fonografici,"12"", EP",,1985,907030,New Wave,2015-10-15 03:28:35,Near Mint (NM or M-),Near Mint (NM or M-),
SFTRI 232,Bad Religion,American Jesus,Sympathy For The Record Industry,"7""",,1993,6665423,Punk,2015-10-21 10:17:32,Near Mint (NM or M-),Near Mint (NM or M-),
SM 23581,Sphinx (2),Collision,System Music,"12""",,1982,299751,Italodisco,2015-09-08 09:22:26,Near Mint (NM or M-),Near Mint (NM or M-),
534 487-2,United Future Organization,3rd Perspective,"Talkin' Loud, Brownswood Records","CD, Album",,1996,13785,Acid Jazz,2015-03-04 04:31:53,Near Mint (NM or M-),Near Mint (NM or M-),
TSP 34030,The Temptations,Puzzle People,Tamla Motown,"LP, Album",,1970,4827250,Funk-Soul,2015-10-14 00:39:30,Near Mint (NM or M-),Near Mint (NM or M-),
"TSM-ST 60127, M6-861S1",Diana Ross,Diana Ross,"Tamla Motown, Tamla Motown","LP, Album",,1976,4850636,Funk-Soul,2015-09-09 05:52:11,Near Mint (NM or M-),Very Good Plus (VG+),
TTAL 1409,Vasco Rossi,Le Canzoni D'Amore Di Vasco Rossi,Targa,"LP, Comp",,1985,1634114,Pop,2015-04-14 07:22:21,Near Mint (NM or M-),Near Mint (NM or M-),NO POSTER
TEENS 038,The Cavemen (11),Il Buio E' Tra Di Noi,Teen Sound Records,"CD, Album",,2006,6524698,Funk-Soul,2015-03-05 23:44:44,Near Mint (NM or M-),Near Mint (NM or M-),
T-107,Deep Purple,The Book Of Taliesyn,Tetragrammaton Records,"LP, Album",,1968,1314878,Hard Rock,2015-10-14 01:11:46,Very Good Plus (VG+),Good (G),
HEAT 2,This Heat,Deceit,These Records,"LP, Album, RE",,1988,805064,Alternative Rock,2015-10-08 07:14:45,Near Mint (NM or M-),Very Good Plus (VG+),
88691 95993 2,Jack White (2),Blunderbuss,"Third Man Records, Columbia","CD, Album",,2012,3563360,Rock,2015-03-03 04:50:04,Near Mint (NM or M-),Near Mint (NM or M-),
TOR45004,Magilla (2),Atto Unico,Torello Records,"7"", Single",,1996,3818463,New Wave,2015-10-22 00:50:31,Mint (M),Near Mint (NM or M-),
TOTÒ 03/40,Rivolta Dell'Odio,Il Cuore Della Bestia,Totò Alle Prese Coi Dischi,"7"", Ora",,1984,1449945,Goth-Rock,2015-10-22 09:14:15,Mint (M),Near Mint (NM or M-),
N. 1,Fields Of The Nephilim,Burning The Fields EP,Tower Release,"12"", EP, RE",,1987,381429,Goth-Rock,2015-09-22 01:17:36,Near Mint (NM or M-),Near Mint (NM or M-),
AD 2067,The Artwoods,Begin Here,Traces Records,"LP, Album",,0,3498593,Rock,2015-10-14 02:50:52,Mint (M),Mint (M),
51019-1,Social Distortion,Mommy's Little Monster,Triple X Records,"LP, Album, RE",,1989,1886083,Punk,2015-09-20 10:37:30,Near Mint (NM or M-),Near Mint (NM or M-),WITH INSERT
ZPLS 34009,Gianfranco Manfredi,Zombie Di Tutto Il Mondo Unitevi,Ultima Spiaggia,"LP, Album",,1977,4635457,POP ITALIANO,2015-10-21 08:17:54,Near Mint (NM or M-),Near Mint (NM or M-),
SPLK-7005,The Trammps,The Legendary Zing Album,"Unidisc, Kama Sutra","CD, Album",,1991,3983850,Funk-Soul,2015-03-04 03:27:48,Near Mint (NM or M-),Near Mint (NM or M-),
LBF 15443,War,Sun Oh Son,United Artists Records,"7""",,1971,560075,Funk-Soul,2015-04-17 02:40:16,,,
171 421 1,Amy Winehouse,Back To Black,"Universal Records, Island Records Group","CD, Album, Sup",,2006,1024172,Pop,2015-03-04 01:48:21,Near Mint (NM or M-),Near Mint (NM or M-),
VAMPI CD 078,Dennis Coffey,Big City Funk (Original Old School Breaks & Heavy Guitar Soul),Vampi Soul,"CD, Comp",,2006,1080810,Funk-Soul,2015-03-04 02:19:13,Near Mint (NM or M-),Near Mint (NM or M-),
VSD-79290,Buddy Guy,This Is Buddy Guy,Vanguard,"LP, Album, RE",,1987,2099381,bLUES,2015-10-14 05:46:57,Near Mint (NM or M-),Near Mint (NM or M-),
"1-90904, 7 90904-1",David Sylvian + Holger Czukay,Plight & Premonition,"Venture, Venture, Virgin, Virgin","LP, Album",,1988,603139,New Wave,2015-09-08 03:24:27,Near Mint (NM or M-),Near Mint (NM or M-),
5000 675,Dire Straits,Solid Rock (Live) / Two Young Lovers / Intro: The Carousel Waltz,Vertigo,"7"", Single, Promo",,1984,2749873,Rock,2015-04-17 04:09:45,Near Mint (NM or M-),Near Mint (NM or M-),
0602517448056,Ramp (3),Come Into Knowledge,Verve Records,"CD, Album, RE, Dig",,2007,1752640,Funk-Soul,2015-03-03 04:46:57,Near Mint (NM or M-),Near Mint (NM or M-),
422-825 119-1 Y-1,The Velvet Underground,White Light/White Heat,Verve Records,"LP, Album, RE",,1985,1681506,Rock,2015-10-07 07:42:04,Near Mint (NM or M-),Near Mint (NM or M-),
557 492-2,Dizzy Gillespie,Jambo Caribe,Verve Records,"CD, Album, RE, RM, Dig",,1998,811070,Funk-Soul,2015-03-03 04:39:45,Near Mint (NM or M-),Near Mint (NM or M-),
710 003,The Mothers,Freak Out!,Verve Records (2),"LP, Album, Unofficial",,0,4858059,Rock,2015-09-20 07:05:27,Mint (M),Mint (M),
KLVP 180,Louis Armstrong,Back O' Town Blues,"Vik, RCA","LP, Mono",,1966,5945894,Jazz,2015-09-08 12:39:28,Near Mint (NM or M-),Near Mint (NM or M-),
206 917-270,Genesis,Nursery Cryme,Virgin,"LP, Album, RE, Gat",,1985,1982817,Prog-Rock,2015-10-14 05:06:06,Near Mint (NM or M-),Near Mint (NM or M-),
BMSX 1CD,Banco Del Mutuo Soccorso,Da Qui Messere Si Domina La Valle,Virgin,"2xCD, Comp + Box, Ltd, Num",,1991,2485379,Prog-Rock,2015-03-03 04:21:14,Near Mint (NM or M-),Near Mint (NM or M-),
OVED 51,Public Image Limited,The Flowers Of Romance,Virgin,"LP, Album, RE",,0,2750319,Punk,2015-10-05 10:04:59,Very Good Plus (VG+),Very Good Plus (VG+),
V 2366,Public Image Limited,Album,Virgin,"LP, Album",,1986,4531875,New Wave,2015-10-15 06:33:18,Near Mint (NM or M-),Near Mint (NM or M-),
V 2433,Warren Zevon,Sentimental Hygiene,Virgin,"LP, Album",,1987,3529655,Folk-Rock,2015-10-07 07:31:26,Near Mint (NM or M-),Near Mint (NM or M-),
VIL 12183,Public Image Limited,Paris Au Printemps (Paris In The Spring),Virgin,LP,,1980,1068582,New Wave,2015-10-15 08:40:47,Near Mint (NM or M-),Near Mint (NM or M-),
VIL 12241,Devo,"Oh, No! It's Devo",Virgin,"LP, Album",,1982,5704584,Electronic,2015-09-20 00:02:25,Near Mint (NM or M-),Near Mint (NM or M-),
VIN 45121,Giorgio Moroder With Philip Oakey,Together In Electric Dreams,Virgin,"7""",,1984,2431282,Pop,2015-04-17 03:39:40,Near Mint (NM or M-),Near Mint (NM or M-),
VIN 45189,Sandra,Little Girl,Virgin,"7""",,1986,5368223,Pop,2015-04-17 04:22:51,Near Mint (NM or M-),Near Mint (NM or M-),
VS  536-12,Devo,Peek-A-Boo!,Virgin,"12""",,1982,378511,Electronic,2015-09-20 00:04:31,Near Mint (NM or M-),Near Mint (NM or M-),
VUSLP 14,Ryuichi Sakamoto,Beauty,Virgin,LP,,1990,4894483,Electronic,2015-09-11 05:10:27,Mint (M),Mint (M),GREAT COPY UNPLAYED FROM RECORD SHOP
7 88073 2,CCCP - Fedeli Alla Linea,Epica Etica Etnica Pathos,Virgin Dischi S.p.A.,"CD, Album, RE",,0,982479,New Wave,2015-04-17 10:58:46,Near Mint (NM or M-),Near Mint (NM or M-),
CGS 1,Genesis,The Lamb Lies Down On Broadway,"Virgin, Charisma","2xLP, Album, RE, Gat",,1986,4237997,Prog-Rock,2015-09-08 05:52:18,Mint (M),Mint (M),UNPLAYED COPY
"7243 8 44913 2 1, CD HUT 45",The Verve,Urban Hymns,"Virgin, Hut Recordings","CD, Album",,1997,368250,Indie Rock,2015-03-03 04:51:09,Near Mint (NM or M-),Near Mint (NM or M-),
"CDV2731, 7243-8-39524-2-7",The Rolling Stones,Exile On Main St.,"Virgin, Virgin, Rolling Stones Records","CD, Album, RM",,1994,476440,Rock,2015-03-04 04:04:36,Near Mint (NM or M-),Near Mint (NM or M-),
"VOLX1, VOLX 1",Orbital,Belfast/Wasted (The Best Of Volume EP),"Volume, Volume","12"", EP",,1995,109835,Industrial,2015-10-16 04:04:21,Near Mint (NM or M-),Near Mint (NM or M-),
Voxx 200.044,The Steppes,Drop Of The Creature,Voxx Records,LP,,1986,2195819,Garage-Punk,2015-10-05 08:16:24,Near Mint (NM or M-),Near Mint (NM or M-),
VXS 200.022,Things (2),Coloured Heaven,Voxx Records,"LP, Album",,1984,2944685,Garage-Punk,2015-10-05 07:30:24,Near Mint (NM or M-),Near Mint (NM or M-),
VXS 200.025,The Gravedigger V,All Black And Hairy,Voxx Records,"LP, Album",,1984,1515660,Garage-Punk,2015-09-28 08:27:03,Near Mint (NM or M-),Near Mint (NM or M-),
VXS 200.033,Things (2),Outside My Window,Voxx Records,LP,,1986,3303554,Garage-Punk,2015-10-05 07:33:32,Near Mint (NM or M-),Near Mint (NM or M-),
VXS 200.034,The Primates (5),We Are The Primates,"Voxx Records, Epitaph","LP, Album",,1986,3261839,Garage-Punk,2015-09-29 08:18:42,Near Mint (NM or M-),Near Mint (NM or M-),
"VXS 200.004, VOXX VXS 200.004",DMZ (2),Relics,"VOXX Records, VOXX Records","LP, Comp",,1981,1329041,Garage-Punk,2015-09-20 08:08:05,Near Mint (NM or M-),Near Mint (NM or M-),
7599-23696-2,Donald Fagen,The Nightfly,Warner Bros. Records,"CD, Album, RE",,0,1622518,Rock,2015-03-04 04:42:44,Near Mint (NM or M-),Near Mint (NM or M-),
92 9693-7,ZZ Top,Gimme All Your Lovin' / If I Could Only Flag Her Down,Warner Bros. Records,"7"", Single",,1983,3473933,Hard Rock,2015-03-17 04:14:01,Near Mint (NM or M-),Very Good Plus (VG+),
9362 45334-2,The Flaming Lips,Transmissions From The Satellite Heart,Warner Bros. Records,"CD, Album",,1993,392545,Rock,2015-03-04 00:18:33,Near Mint (NM or M-),Near Mint (NM or M-),
9362 45431-1,Prince,The Hits 1,Warner Bros. Records,"2xLP, Comp",,1993,812431,Funk-Soul,2015-09-08 02:24:51,Mint (M),Mint (M),UNPLAYED COPY
P-343W,Devo = Devo,サティスファクション = (I Can't Get No) Satisfaction,Warner Bros. Records,"7"", Single",,1978,2879653,New Wave,2015-10-21 09:27:35,Near Mint (NM or M-),Near Mint (NM or M-),
P-589W,Devo,Girl U Want,Warner Bros. Records,"7""",,1980,6048658,New Wave,2015-10-21 09:59:47,Near Mint (NM or M-),Near Mint (NM or M-),
W 66097,Fleetwood Mac,Live,Warner Bros. Records,"2xLP, Album",,1980,839037,Rock,2015-09-08 06:05:12,Near Mint (NM or M-),Near Mint (NM or M-),
WBS 49834,Devo,Beautiful World,Warner Bros. Records,"7"", Single",,1981,1580235,New Wave,2015-10-22 09:23:14,Near Mint (NM or M-),Very Good Plus (VG+),
WATER 142,Baby Huey,The Baby Huey Story - The Living Legend,Water,"CD, Album, RE",,2004,583917,Funk-Soul,2015-03-04 00:29:54,Near Mint (NM or M-),Near Mint (NM or M-),
WAX 7121,Chris & Cosey,Reflection,Wax Trax! Records,"LP, Comp",,1990,138588,Industrial,2015-10-15 06:10:52,Near Mint (NM or M-),Near Mint (NM or M-),
24 0883-1,Loretta Goggi,Le Più Belle Canzoni Di Loretta Goggi,WEA,"LP, Comp",,1986,4216237,Pop,2015-04-15 06:43:23,Near Mint (NM or M-),Near Mint (NM or M-),
24 2228-1,Alan Sorrenti,Bonno Soku Bodai,WEA,"LP, Album",,1987,1672007,Pop,2015-04-14 04:56:34,Near Mint (NM or M-),Near Mint (NM or M-),
GOES ON 6,The Eastern Dark,Long Live The New Flesh !,What Goes On Records,"12"", MiniAlbum",,1986,1954569,Alternative Rock,2015-09-22 09:21:32,Near Mint (NM or M-),Near Mint (NM or M-),
WRMS 007,The Leather Nun,Desolation Ave,Wire Records,"12"", EP",,1985,369818,Industrial,2015-09-21 07:19:32,Near Mint (NM or M-),Near Mint (NM or M-),
WRXS 009,The Leather Nun,Gimme Gimme Gimme! (The Rejected Version),Wire Records,"12""",,1986,369816,Alternative Rock,2015-10-20 08:40:30,Near Mint (NM or M-),Near Mint (NM or M-),
ZR0107,Klein & M.B.O.,Dirty Talk,Zanza Records,"12"", MiniAlbum",,1982,5283330,Italodisco,2015-09-11 03:38:00,Near Mint (NM or M-),Near Mint (NM or M-),
ZAP 2,Forest (4),Forest,Zap!,"LP, Album, RE",,1987,3153280,Folk-Rock,2015-09-21 08:07:52,Near Mint (NM or M-),Near Mint (NM or M-),
ZAP 3,Forest (4),The Full Circle,Zap!,"LP, Album, RE",,1988,2536183,Folk-Rock,2015-09-21 08:11:25,Near Mint (NM or M-),Near Mint (NM or M-),
ZAPPA 6,Frank Zappa,Guitar,Zappa Records,"2xLP, Album",,1988,2137552,Rock,2015-09-12 01:11:00,Near Mint (NM or M-),Near Mint (NM or M-),
